cell,run,packets,duration_s,wire_mbit_s,frame_len_median,ipg_min_ms,ipg_p10_ms,ipg_median_ms,ipg_p90_ms,burst_fraction,ptl_median,ptl_p95,ptl_max,frac_packets_in_trains_gt5,frac_gaps_below_wire_bound,normalized_ipg_p10,normalized_ipg_median,normalized_ipg_p90,frac_gaps_below_half_pacing_gap,scenario,arm,implementation,congestion_control,sender_qdisc,gso,rate_mbit,rtt_ms,cross_traffic,capture_tstype,capture_wire_equivalent,kernel,goodput_mbit_s,bottleneck_drops,tcp_goodput_mbit_s,quic_goodput_share
ngtcp2-bbr,ngtcp2-bbr-rep1,97533,23.057890786,50.22270400825724,1486.0,0.010128,0.01208,0.012464,0.627281,0.6086207603658287,2,6.0,28,0.18205120318251258,0.0,0.04,0.041271523178807945,2.0787847682119205,0.6144547430586884,professional-n1,professional,,,,-1,40.0,40.0,0,moongen,1,,nan,nan,nan,nan
ngtcp2-bbr,ngtcp2-bbr-rep10,97533,23.015728435,50.318295824122586,1486.0,0.010128,0.01208,0.012992,0.610353,0.6095332813845712,2.0,6.0,25,0.18351737360688178,0.0,0.04,0.043019867549668876,2.021725165562914,0.6165976294959603,professional-n1,professional,,,,-1,40.0,40.0,0,moongen,1,,nan,nan,nan,nan
ngtcp2-bbr,ngtcp2-bbr-rep11,97417,23.056268051,50.164706857224246,1486.0,0.010128,0.01208,0.012928,0.611968,0.6081649831649831,2.0,6.0,25,0.17686851370910622,0.0,0.04,0.04280794701986755,2.027023178807947,0.6153711915907037,professional-n1,professional,,,,-1,40.0,40.0,0,moongen,1,,nan,nan,nan,nan
ngtcp2-bbr,ngtcp2-bbr-rep12,97385,23.021438271,50.231461405116136,1486.0,0.010128,0.01208,0.012992,0.611792,0.6086626139817629,2,6.0,30,0.18258458694870874,0.0,0.04,0.043019867549668876,2.0263344370860925,0.6158198472028259,professional-n1,professional,,,,-1,40.0,40.0,0,moongen,1,,nan,nan,nan,nan
ngtcp2-bbr,ngtcp2-bbr-rep13,97290,23.049350031,50.117351441422954,1486,0.010128,0.01208,0.012944,0.609873,0.6087635806720184,2.0,6.0,36,0.1782300339192106,0.0,0.04,0.04286092715231788,2.0199238410596028,0.6155269352136419,professional-n1,professional,,,,-1,40.0,40.0,0,moongen,1,,nan,nan,nan,nan
ngtcp2-bbr,ngtcp2-bbr-rep14,97528,23.053310721,50.238877270889496,1486,0.010128,0.01208,0.01304,0.606848,0.6091748951572385,2,6.0,32,0.1715097202854565,0.0,0.04,0.043178807947019865,2.0096456953642385,0.6152655162160222,professional-n1,professional,,,,-1,40.0,40.0,0,moongen,1,,nan,nan,nan,nan
ngtcp2-bbr,ngtcp2-bbr-rep15,97470,23.018106376,50.27980482385447,1486,0.010128,0.01208,0.01288,0.614001,0.6079881808575034,2.0,6.0,26,0.18103006053144557,0.0,0.04,0.042649006622516555,2.0340165562913906,0.6150981337656075,professional-n1,professional,,,,-1,40.0,40.0,0,moongen,1,,nan,nan,nan,nan
ngtcp2-bbr,ngtcp2-bbr-rep16,97690,23.034436086,50.360120111863374,1486,0.010127,0.01208,0.012082,0.603826,0.5933830830492686,2,6.0,32,0.1659330535366977,0.0,0.04,0.04000662251655629,1.9998476821192053,0.6059535874049279,professional-n1,professional,,,,-1,40.0,40.0,0,moongen,1,,nan,nan,nan,nan
ngtcp2-bbr,ngtcp2-bbr-rep17,97652,23.052690417,50.29862367582586,1486,0.010128,0.01208,0.013024,0.609665,0.6086368803186859,2.0,6.0,27,0.17422070208495474,0.0,0.04,0.043125827814569535,2.019129139072848,0.6153649220182077,professional-n1,professional,,,,-1,40.0,40.0,0,moongen,1,,nan,nan,nan,nan
ngtcp2-bbr,ngtcp2-bbr-rep18,97330,23.05651009,50.119683659375525,1486,0.010128,0.01208,0.012832,0.610816,0.6094072681318004,2,6.0,26,0.18955101202095961,0.0,0.04,0.04249006622516556,2.023370860927152,0.6153869864069291,professional-n1,professional,,,,-1,40.0,40.0,0,moongen,1,,nan,nan,nan,nan
ngtcp2-bbr,ngtcp2-bbr-rep19,97421,23.021136869,50.248795556127064,1486.0,0.010128,0.01208,0.01296,0.608257,0.609443646068569,2,6.0,30,0.1745824822163599,0.0,0.04,0.04291390728476821,2.014735099337748,0.6156230753438718,professional-n1,professional,,,,-1,40.0,40.0,0,moongen,1,,nan,nan,nan,nan
ngtcp2-bbr,ngtcp2-bbr-rep2,97515,23.028705508,50.27774121293001,1486.0,0.010128,0.01208,0.012082,0.632305,0.6088766741185881,2,6.0,31,0.1810183048761729,0.0,0.04,0.04000662251655629,2.094572847682119,0.61419898681215,professional-n1,professional,,,,-1,40.0,40.0,0,moongen,1,,nan,nan,nan,nan
ngtcp2-bbr,ngtcp2-bbr-rep3,97464,23.016452635,50.2810264619216,1486,0.010128,0.01208,0.013024,0.610962,0.6103341780983552,2,6.0,46,0.1814926536977756,0.0,0.04,0.043125827814569535,2.023476821192053,0.6169315535126151,professional-n1,professional,,,,-1,40.0,40.0,0,moongen,1,,nan,nan,nan,nan
ngtcp2-bbr,ngtcp2-bbr-rep4,97474,23.028351125,50.26005386653579,1486,0.010128,0.01208,0.01304,0.607617,0.609194340996994,2.0,6.0,46,0.17757555861050126,0.0,0.04,0.043178807947019865,2.0122947019867548,0.6159551875904097,professional-n1,professional,,,,-1,40.0,40.0,0,moongen,1,,nan,nan,nan,nan
ngtcp2-bbr,ngtcp2-bbr-rep5,97528,23.006956319,50.33791762553048,1486,0.010128,0.01208,0.012961,0.60837,0.6090621058783722,2.0,6.0,24,0.17993806906734477,0.0,0.04,0.04291721854304636,2.0147317880794704,0.6156448983358455,professional-n1,professional,,,,-1,40.0,40.0,0,moongen,1,,nan,nan,nan,nan
ngtcp2-bbr,ngtcp2-bbr-rep6,97428,23.024917014,50.236487684046345,1486,0.010128,0.01208,0.012081,0.604032,0.5938189618894146,2.0,6.0,38,0.1731329802520836,0.0,0.04,0.04000331125827815,2.0011192052980133,0.6057971609512763,professional-n1,professional,,,,-1,40.0,40.0,0,moongen,1,,nan,nan,nan,nan
ngtcp2-bbr,ngtcp2-bbr-rep7,97495,23.014546495,50.299695118976096,1486.0,0.010128,0.01208,0.01296,0.606818,0.6101811393521652,2.0,6.0,49,0.18180419508692752,0.0,0.04,0.04291390728476821,2.009748344370861,0.6166738465956879,professional-n1,professional,,,,-1,40.0,40.0,0,moongen,1,,nan,nan,nan,nan
ngtcp2-bbr,ngtcp2-bbr-rep8,97467,23.050774573,50.209424257510825,1486.0,0.010128,0.01208,0.013072,0.613504,0.6097305727125356,2,6.0,46,0.18068679655678332,0.0,0.04,0.04328476821192053,2.0317384105960263,0.6170664642029016,professional-n1,professional,,,,-1,40.0,40.0,0,moongen,1,,nan,nan,nan,nan
ngtcp2-bbr,ngtcp2-bbr-rep9,97699,23.046963307,50.32025159027169,1486.0,0.010128,0.01208,0.012082,0.605938,0.5932977133615837,2,6.0,28,0.1649965711010348,0.0,0.04,0.04000662251655629,2.0072086092715233,0.6061229503162808,professional-n1,professional,,,,-1,40.0,40.0,0,moongen,1,,nan,nan,nan,nan
ngtcp2-bbr,ngtcp2-bbr,97511,23.008193173,50.323986385803984,1486.0,0.010127,0.01208,0.012944,0.608114,0.6086965439442108,2,6.0,51,0.17412394499082154,0.0,0.04,0.04286092715231788,2.013937086092715,0.614388267869962,professional-n1,professional,,,,-1,40.0,40.0,0,moongen,1,,nan,nan,nan,nan
ngtcp2-cubic,ngtcp2-cubic-rep1,75716,22.556315449,39.79637303927652,1486,0.010128,0.01208,0.013104,0.679729,0.5120385656739087,2,2.0,33,0.006669660309577896,0.0,0.04,0.04339072847682119,2.250917218543046,0.5122762992801955,professional-n1,professional,,,,-1,40.0,40.0,0,moongen,1,,nan,nan,nan,nan
ngtcp2-cubic,ngtcp2-cubic-rep10,75699,22.555013055,39.79770128313056,1486.0,0.010128,0.01208,0.012081,0.634449,0.5110306745224444,2,2.0,36,0.0030911901081916537,0.0,0.04,0.04000331125827815,2.101301324503311,0.5114534069592327,professional-n1,professional,,,,-1,40.0,40.0,0,moongen,1,,nan,nan,nan,nan
ngtcp2-cubic,ngtcp2-cubic-rep11,75703,22.543127167,39.81976454952764,1486.0,0.010128,0.01208,0.013552,0.648258,0.5114528017753824,2,2.0,36,0.003209912420908022,0.0,0.04,0.044874172185430466,2.1472350993377485,0.5115584793004148,professional-n1,professional,,,,-1,40.0,40.0,0,moongen,1,,nan,nan,nan,nan
ngtcp2-cubic,ngtcp2-cubic-rep12,75709,22.552253461,39.80184709932744,1486.0,0.010128,0.01208,0.013488,0.659153,0.5119802398689702,2.0,2.0,28,0.0062343974956742265,0.0,0.04,0.04466225165562914,2.182890728476821,0.5121255349500713,professional-n1,professional,,,,-1,40.0,40.0,0,moongen,1,,nan,nan,nan,nan
ngtcp2-cubic,ngtcp2-cubic-rep13,75688,22.555141339,39.78514709851892,1486,0.010128,0.01208,0.012081,0.634384,0.5115805884762245,2.0,2.0,41,0.005535884156008878,0.0,0.04,0.04000331125827815,2.101092715231788,0.511805197722198,professional-n1,professional,,,,-1,40.0,40.0,0,moongen,1,,nan,nan,nan,nan
ngtcp2-cubic,ngtcp2-cubic-rep14,75711,22.553288965,39.80204791385734,1486.0,0.010128,0.01208,0.012081,0.633761,0.5117289657905164,2.0,2.0,33,0.005309664381661846,0.0,0.04,0.04000331125827815,2.0991324503311257,0.5119799233918901,professional-n1,professional,,,,-1,40.0,40.0,0,moongen,1,,nan,nan,nan,nan
ngtcp2-cubic,ngtcp2-cubic-rep15,75711,22.543645058,39.81963403391338,1486.0,0.010128,0.01208,0.01336,0.682048,0.511781798969753,2.0,2.0,28,0.005217207539195097,0.0,0.04,0.04423841059602649,2.2586523178807947,0.5119402985074627,professional-n1,professional,,,,-1,40.0,40.0,0,moongen,1,,nan,nan,nan,nan
ngtcp2-cubic,ngtcp2-cubic-rep16,75714,22.529910318,39.84192406140407,1486,0.010128,0.01208,0.013328,0.679968,0.5119728448218932,2,2.0,40,0.006260400982645217,0.0,0.04,0.044132450331125825,2.251817880794702,0.5122237924794949,professional-n1,professional,,,,-1,40.0,40.0,0,moongen,1,,nan,nan,nan,nan
ngtcp2-cubic,ngtcp2-cubic-rep17,75719,22.562921239,39.786862281303904,1486.0,0.010128,0.01208,0.013424,0.67237,0.5116881058665047,2,2.0,28,0.005282689945720361,0.0,0.04,0.044450331125827816,2.227023178807947,0.5120050714493252,professional-n1,professional,,,,-1,40.0,40.0,0,moongen,1,,nan,nan,nan,nan
ngtcp2-cubic,ngtcp2-cubic-rep18,75717,22.556141685,39.79515914270601,1486.0,0.010127,0.01208,0.012081,0.63541,0.5118204870833113,2.0,2.0,36,0.006590329780630505,0.0,0.04,0.04000331125827815,2.1048509933774833,0.5120053885572402,professional-n1,professional,,,,-1,40.0,40.0,0,moongen,1,,nan,nan,nan,nan
ngtcp2-cubic,ngtcp2-cubic-rep19,75709,22.553933647,39.800317853617564,1486.0,0.010128,0.01208,0.012081,0.630098,0.5119009880065515,2.0,2.0,40,0.006155146680051249,0.0,0.04,0.04000331125827815,2.086572847682119,0.5121651608812807,professional-n1,professional,,,,-1,40.0,40.0,0,moongen,1,,nan,nan,nan,nan
ngtcp2-cubic,ngtcp2-cubic-rep2,75696,22.527970875,39.83585583359824,1486,0.010128,0.01208,0.012081,0.63069,0.5114736772574147,2.0,2.0,33,0.006090150073980131,0.0,0.04,0.04000331125827815,2.089115894039735,0.5117907391505383,professional-n1,professional,,,,-1,40.0,40.0,0,moongen,1,,nan,nan,nan,nan
ngtcp2-cubic,ngtcp2-cubic-rep3,75701,22.548330876,39.80702203351861,1486.0,0.010128,0.01208,0.013296,0.678482,0.511770145310436,2.0,2.0,33,0.005191476995019881,0.0,0.04,0.044026490066225166,2.246682119205298,0.5119418758256274,professional-n1,professional,,,,-1,40.0,40.0,0,moongen,1,,nan,nan,nan,nan
ngtcp2-cubic,ngtcp2-cubic-rep4,75724,22.55264635,39.80255665207112,1486,0.010128,0.01208,0.013152,0.677745,0.5120372938208999,2,2.0,32,0.0068670434736675294,0.0,0.04,0.043549668874172186,2.244453642384106,0.5122353842293623,professional-n1,professional,,,,-1,40.0,40.0,0,moongen,1,,nan,nan,nan,nan
ngtcp2-cubic,ngtcp2-cubic-rep5,75699,22.555789193,39.788824781113036,1486.0,0.010128,0.01208,0.013536,0.64704,0.5117440355095247,2,2.0,33,0.00575965336398103,0.0,0.04,0.04482119205298013,2.1435794701986755,0.512021453671167,professional-n1,professional,,,,-1,40.0,40.0,0,moongen,1,,nan,nan,nan,nan
ngtcp2-cubic,ngtcp2-cubic-rep6,75719,22.533115457,39.8369083810442,1486.0,0.010128,0.01208,0.013504,0.657713,0.5121107266435986,2,2.0,36,0.006259987585678628,0.0,0.04,0.04471523178807947,2.178225165562914,0.5124144853271348,professional-n1,professional,,,,-1,40.0,40.0,0,moongen,1,,nan,nan,nan,nan
ngtcp2-cubic,ngtcp2-cubic-rep7,75711,22.571303856,39.76934703138046,1486.0,0.010128,0.01208,0.013504,0.664449,0.5121384229295998,2,2.0,36,0.0064983952133771845,0.0,0.04,0.04471523178807947,2.200639072847682,0.5124554220050191,professional-n1,professional,,,,-1,40.0,40.0,0,moongen,1,,nan,nan,nan,nan
ngtcp2-cubic,ngtcp2-cubic-rep8,75716,22.553416793,39.80047334905828,1486,0.010128,0.01208,0.013488,0.664144,0.5120517730964802,2.0,2.0,33,0.006603624068889006,0.0,0.04,0.04466225165562914,2.1998476821192052,0.512236677012481,professional-n1,professional,,,,-1,40.0,40.0,0,moongen,1,,nan,nan,nan,nan
ngtcp2-cubic,ngtcp2-cubic-rep9,75718,22.530088268,39.84274989614524,1486,0.010128,0.01208,0.013584,0.655904,0.5119590052432083,2.0,2.0,32,0.006220449562851634,0.0,0.04,0.044980132450331126,2.1730364238410598,0.5122231467173818,professional-n1,professional,,,,-1,40.0,40.0,0,moongen,1,,nan,nan,nan,nan
ngtcp2-cubic,ngtcp2-cubic,75705,22.561346156,39.784187423643374,1486.0,0.010128,0.01208,0.013344,0.672993,0.5118619887984783,2,2.0,32,0.006142262730334852,0.0,0.04,0.04418543046357616,2.2288245033112584,0.5120733382648209,professional-n1,professional,,,,-1,40.0,40.0,0,moongen,1,,nan,nan,nan,nan
ngtcp2-reno,ngtcp2-reno-rep1,75364,23.293666305,38.39813124686213,1486,0.010128,0.01208,0.013472,0.656241,0.5065483061980016,2,2.0,33,0.005851600233533252,0.0,0.04,0.044609271523178805,2.1733576158940395,0.5066942664172074,professional-n1,professional,,,,-1,40.0,40.0,0,moongen,1,,nan,nan,nan,nan
ngtcp2-reno,ngtcp2-reno-rep10,75370,23.270591389,38.43888146404512,1486,0.010128,0.01208,0.013664,0.662608,0.5063885682442384,2.0,2.0,28,0.00583786652514263,0.0,0.04,0.04524503311258278,2.1943344370860927,0.5066671973888469,professional-n1,professional,,,,-1,40.0,40.0,0,moongen,1,,nan,nan,nan,nan
ngtcp2-reno,ngtcp2-reno-rep11,75375,23.282226413,38.41884294624654,1486.0,0.010128,0.01208,0.013632,0.665601,0.5066070528298883,2.0,2.0,36,0.0062885572139303484,0.0,0.04,0.04513907284768212,2.2043509933774836,0.5068591291426752,professional-n1,professional,,,,-1,40.0,40.0,0,moongen,1,,nan,nan,nan,nan
ngtcp2-reno,ngtcp2-reno-rep12,75378,23.272894109,38.44268253916972,1486,0.010128,0.01208,0.013696,0.665905,0.5061490905713945,2.0,2.0,24,0.0034890816949242486,0.0,0.04,0.045350993377483446,2.2054039735099336,0.5063082903272882,professional-n1,professional,,,,-1,40.0,40.0,0,moongen,1,,nan,nan,nan,nan
ngtcp2-reno,ngtcp2-reno-rep13,75371,23.273781809,38.4326205057962,1486.0,0.010128,0.01208,0.013712,0.658401,0.5065543319623192,2.0,2.0,41,0.006023536904114314,0.0,0.04,0.045403973509933776,2.1802384105960266,0.506713546503914,professional-n1,professional,,,,-1,40.0,40.0,0,moongen,1,,nan,nan,nan,nan
ngtcp2-reno,ngtcp2-reno-rep14,75371,23.260066685,38.45535011199389,1486.0,0.010128,0.01208,0.012081,0.652736,0.5063022422714608,2,2.0,33,0.005758182855474917,0.0,0.04,0.04000331125827815,2.161907284768212,0.5064216531776569,professional-n1,professional,,,,-1,40.0,40.0,0,moongen,1,,nan,nan,nan,nan
ngtcp2-reno,ngtcp2-reno-rep15,75371,23.303840829,38.38111179024823,1486.0,0.010128,0.01208,0.012081,0.651297,0.5062889743929946,2.0,2.0,32,0.00553263191413143,0.0,0.04,0.04000331125827815,2.15708940397351,0.5063951174207244,professional-n1,professional,,,,-1,40.0,40.0,0,moongen,1,,nan,nan,nan,nan
ngtcp2-reno,ngtcp2-reno-rep16,75382,23.256859358,38.46392577045398,1486,0.010128,0.01208,0.013664,0.659265,0.5062814237009325,2.0,2.0,28,0.004775675890796211,0.0,0.04,0.04524503311258278,2.1832052980132453,0.5065069447208183,professional-n1,professional,,,,-1,40.0,40.0,0,moongen,1,,nan,nan,nan,nan
ngtcp2-reno,ngtcp2-reno-rep17,75369,23.29586609,38.39613897780608,1486.0,0.010128,0.01208,0.013552,0.658976,0.5066606517354846,2,2.0,33,0.006196181453913412,0.0,0.04,0.044874172185430466,2.1821490066225167,0.5067933340409723,professional-n1,professional,,,,-1,40.0,40.0,0,moongen,1,,nan,nan,nan,nan
ngtcp2-reno,ngtcp2-reno-rep18,75375,23.279150275,38.422863611159016,1486.0,0.010128,0.01208,0.013648,0.665904,0.5065274497837451,2.0,2.0,33,0.005956882255389718,0.0,0.04,0.04519205298013245,2.206364238410596,0.5067131902247459,professional-n1,professional,,,,-1,40.0,40.0,0,moongen,1,,nan,nan,nan,nan
ngtcp2-reno,ngtcp2-reno-rep19,75383,23.292924027,38.40339456579639,1486.0,0.010128,0.01208,0.013712,0.658576,0.506367567854395,2.0,2.0,32,0.005067455527108234,0.0,0.04,0.045403973509933776,2.180930463576159,0.506619617415298,professional-n1,professional,,,,-1,40.0,40.0,0,moongen,1,,nan,nan,nan,nan
ngtcp2-reno,ngtcp2-reno-rep2,75355,23.302698879,38.37713136335121,1486.0,0.010128,0.01208,0.01368,0.663665,0.506635347824933,2.0,2.0,33,0.005918651715214651,0.0,0.04,0.04529801324503311,2.1983609271523177,0.5067017013031823,professional-n1,professional,,,,-1,40.0,40.0,0,moongen,1,,nan,nan,nan,nan
ngtcp2-reno,ngtcp2-reno-rep3,75383,23.289401279,38.41062418408424,1486.0,0.010128,0.01208,0.013632,0.659249,0.5066328831816614,2.0,2.0,33,0.005664407094437738,0.0,0.04,0.04513907284768212,2.1831026490066225,0.5068318696771112,professional-n1,professional,,,,-1,40.0,40.0,0,moongen,1,,nan,nan,nan,nan
ngtcp2-reno,ngtcp2-reno-rep4,75374,23.29709222,38.39818426919546,1486,0.010128,0.01208,0.01368,0.663186,0.5064147639075001,2.0,2.0,28,0.005492610183883037,0.0,0.04,0.04529801324503311,2.1962417218543044,0.5066137741631619,professional-n1,professional,,,,-1,40.0,40.0,0,moongen,1,,nan,nan,nan,nan
ngtcp2-reno,ngtcp2-reno-rep5,75372,23.267566252,38.443055982407,1486,0.010128,0.01208,0.013664,0.666993,0.5062424539942418,2.0,2.0,33,0.00566523377381521,0.0,0.04,0.04524503311258278,2.20958940397351,0.5064282018282894,professional-n1,professional,,,,-1,40.0,40.0,0,moongen,1,,nan,nan,nan,nan
ngtcp2-reno,ngtcp2-reno-rep6,75372,23.28686381,38.41160781882032,1486,0.010128,0.01208,0.013696,0.658832,0.5063883987209935,2,2.0,33,0.0059703868810698935,0.0,0.04,0.045350993377483446,2.1816754966887415,0.5065608788526091,professional-n1,professional,,,,-1,40.0,40.0,0,moongen,1,,nan,nan,nan,nan
ngtcp2-reno,ngtcp2-reno-rep7,75365,23.312744612,38.3672072459282,1486.0,0.010128,0.01208,0.01368,0.657954,0.5066211984501884,2.0,2.0,33,0.006010747694553175,0.0,0.04,0.04529801324503311,2.1788112582781456,0.5067406188631177,professional-n1,professional,,,,-1,40.0,40.0,0,moongen,1,,nan,nan,nan,nan
ngtcp2-reno,ngtcp2-reno-rep8,75378,23.286509397,38.410879739461194,1486,0.010128,0.01208,0.012081,0.643889,0.5064542234368574,2,2.0,33,0.0068322322162965325,0.0,0.04,0.04000331125827815,2.1331423841059602,0.5065205566684797,professional-n1,professional,,,,-1,40.0,40.0,0,moongen,1,,nan,nan,nan,nan
ngtcp2-reno,ngtcp2-reno-rep9,75378,23.287406573,38.40989734928523,1486,0.010128,0.01208,0.013664,0.659633,0.5067460896559959,2,2.0,40,0.007017962800817215,0.0,0.04,0.04524503311258278,2.1844801324503313,0.5068920227655651,professional-n1,professional,,,,-1,40.0,40.0,0,moongen,1,,nan,nan,nan,nan
ngtcp2-reno,ngtcp2-reno,75375,23.248913906,38.47734081759131,1486.0,0.010128,0.01208,0.012081,0.669073,0.5061825032504578,2.0,2.0,28,0.004683250414593698,0.0,0.04,0.04000331125827815,2.2158973509933775,0.5062886406453153,professional-n1,professional,,,,-1,40.0,40.0,0,moongen,1,,nan,nan,nan,nan
picoquic-bbr,picoquic-bbr-rep1,74762,22.784714209,38.890156263184046,1482,0.010544,0.226736,0.303216,0.375393,0.0027821992750230737,1.0,1.0,19,0.0023273855702094647,0.0,0.7527755644090306,1.0066965471447542,1.2463778220451527,0.007972070999585345,professional-n1,professional,,,,-1,40.0,40.0,0,moongen,1,,nan,nan,nan,nan
picoquic-bbr,picoquic-bbr-rep10,74761,22.781815872,38.89505160512958,1482.0,0.010544,0.232208,0.302689,0.368497,0.002969502407704655,1,1.0,20,0.002688567568652105,0.0,0.7709462151394423,1.0049435590969455,1.2235889774236388,0.008640984483681113,professional-n1,professional,,,,-1,40.0,40.0,0,moongen,1,,nan,nan,nan,nan
picoquic-bbr,picoquic-bbr-rep11,74754,22.778270491,38.89618434156648,1482,0.010544,0.232192,0.302513,0.368512,0.0029162709188928874,1.0,1.0,20,0.0024614067474650184,0.0,0.7708897742363878,1.004359229747676,1.2236420982735723,0.008160207617085602,professional-n1,professional,,,,-1,40.0,40.0,0,moongen,1,,nan,nan,nan,nan
picoquic-bbr,picoquic-bbr-rep12,74738,22.787275559,38.875718938243956,1482,0.010543,0.224144,0.30392,0.377008,0.00283661372546396,1.0,1.0,18,0.002502073911530948,0.0,0.7441733067729084,1.0090305444887118,1.2516865869853917,0.00785420875871389,professional-n1,professional,,,,-1,40.0,40.0,0,moongen,1,,nan,nan,nan,nan
picoquic-bbr,picoquic-bbr-rep13,74759,22.750517454,38.94806849082053,1482.0,0.010544,0.226288,0.303744,0.373938,0.002702051954305894,1,1.0,18,0.002247221070372798,0.0,0.7513413014608233,1.008499335989376,1.2416467463479415,0.007865378956098344,professional-n1,professional,,,,-1,40.0,40.0,0,moongen,1,,nan,nan,nan,nan
picoquic-bbr,picoquic-bbr-rep14,74762,22.766050545,38.92192746600968,1482,0.010543,0.22656,0.303696,0.374529,0.0028357031072350557,1.0,1.0,18,0.002581525373853027,0.0,0.7521945551128818,1.0083466135458168,1.2435059760956175,0.008373349741175212,professional-n1,professional,,,,-1,40.0,40.0,0,moongen,1,,nan,nan,nan,nan
picoquic-bbr,picoquic-bbr-rep15,74763,22.774423908,38.908345061968106,1482.0,0.010544,0.224001,0.303586,0.376162,0.002956047189748803,1.0,1.0,18,0.002313978839800436,0.0,0.743695219123506,1.0079681274900398,1.2489807436918992,0.007971964366924373,professional-n1,professional,,,,-1,40.0,40.0,0,moongen,1,,nan,nan,nan,nan
picoquic-bbr,picoquic-bbr-rep16,74760,22.792333654,38.876556189957924,1482,0.010544,0.232736,0.303008,0.367777,0.002849155285651226,1,1.0,19,0.002487961476725522,0.0,0.772699203187251,1.0060026560424966,1.2211454183266932,0.00822643427547185,professional-n1,professional,,,,-1,40.0,40.0,0,moongen,1,,nan,nan,nan,nan
picoquic-bbr,picoquic-bbr-rep17,74767,22.805286487,38.85543154676529,1482.0,0.010542,0.227968,0.303008,0.373761,0.003276890565230185,1.0,1.0,20,0.0025412280819077935,0.0,0.7568658698539177,1.0060026560424966,1.2410126162018593,0.008787416740229516,professional-n1,professional,,,,-1,40.0,40.0,0,moongen,1,,nan,nan,nan,nan
picoquic-bbr,picoquic-bbr-rep18,74752,22.755552044,38.936948938297526,1482,0.010544,0.219729,0.304065,0.376961,0.0029832376824390308,1,1.0,22,0.002675513698630137,0.0,0.7295119521912351,1.0095617529880478,1.2516865869853917,0.008588513866035237,professional-n1,professional,,,,-1,40.0,40.0,0,moongen,1,,nan,nan,nan,nan
picoquic-bbr,picoquic-bbr-rep19,74762,22.738995177,38.96826157456025,1482,0.010544,0.229136,0.302097,0.370369,0.0028223271491820603,1,1.0,22,0.0025280222572964875,0.0,0.7607436918990704,1.0030278884462152,1.2297543160690572,0.0077045518385254344,professional-n1,professional,,,,-1,40.0,40.0,0,moongen,1,,nan,nan,nan,nan
picoquic-bbr,picoquic-bbr-rep2,74762,22.742644186,38.96298920885734,1482,0.010544,0.227985,0.301889,0.372993,0.00294271077165902,1.0,1.0,20,0.002394264465905139,0.0,0.7569223107569721,1.0022908366533865,1.2384096945551128,0.008373349741175212,professional-n1,professional,,,,-1,40.0,40.0,0,moongen,1,,nan,nan,nan,nan
picoquic-bbr,picoquic-bbr-rep3,74762,22.781046671,38.89677435795812,1482,0.010544,0.226192,0.303409,0.37584,0.0028223271491820603,1,1.0,21,0.0022872582327920603,0.0,0.7509694555112881,1.0073339973439575,1.2478154050464807,0.008333221867016224,professional-n1,professional,,,,-1,40.0,40.0,0,moongen,1,,nan,nan,nan,nan
picoquic-bbr,picoquic-bbr-rep4,74753,22.775644948,38.90043219512872,1482.0,0.010544,0.231408,0.303825,0.365984,0.0032507491438356164,1.0,1.0,19,0.002688855296777387,0.0,0.7682868525896415,1.0087151394422311,1.215086321381142,0.007598458904109589,professional-n1,professional,,,,-1,40.0,40.0,0,moongen,1,,nan,nan,nan,nan
picoquic-bbr,picoquic-bbr-rep5,74766,22.747972204,38.952059201311656,1482,0.010543,0.232144,0.302224,0.368065,0.003236808667157092,1.0,1.0,18,0.002741888023968114,0.0,0.770730411686587,1.0033997343957504,1.222101593625498,0.008841035243763793,professional-n1,professional,,,,-1,40.0,40.0,0,moongen,1,,nan,nan,nan,nan
picoquic-bbr,picoquic-bbr-rep6,74755,22.793863713,38.87208044920717,1482.0,0.010544,0.228112,0.3044,0.372945,0.00284934585440244,1.0,1.0,20,0.0024479967895124073,0.0,0.7573970783532536,1.0106241699867198,1.238250332005312,0.008093212403349653,professional-n1,professional,,,,-1,40.0,40.0,0,moongen,1,,nan,nan,nan,nan
picoquic-bbr,picoquic-bbr-rep7,74765,22.785918712,38.88805657563166,1482.0,0.010544,0.233664,0.302609,0.366976,0.002915841849018244,1,1.0,13,0.0025546713034173742,0.0,0.7757768924302789,1.0047277556440903,1.218539176626826,0.008065379059440372,professional-n1,professional,,,,-1,40.0,40.0,0,moongen,1,,nan,nan,nan,nan
picoquic-bbr,picoquic-bbr-rep8,74768,22.790576119,38.880638180149724,1482,0.010544,0.23016,0.302752,0.371505,0.0032233471986304117,1,1.0,33,0.0027150652685640916,0.0,0.7641434262948207,1.005152722443559,1.2334694555112882,0.008479676862787059,professional-n1,professional,,,,-1,40.0,40.0,0,moongen,1,,nan,nan,nan,nan
picoquic-bbr,picoquic-bbr-rep9,74754,22.769355293,38.91397137065175,1482,0.010544,0.225713,0.303456,0.375168,0.003063422203791152,1,1.0,14,0.0025684244321374106,0.0,0.7493791500664011,1.0074900398406375,1.245683930942895,0.008240471954302837,professional-n1,professional,,,,-1,40.0,40.0,0,moongen,1,,nan,nan,nan,nan
picoquic-bbr,picoquic-bbr,74759,22.752860627,38.94350440262994,1482.0,0.010544,0.225232,0.302464,0.375265,0.002849193397362155,1.0,1.0,13,0.002247221070372798,0.0,0.7477822045152722,1.0041998671978751,1.245952855245684,0.008520827202439872,professional-n1,professional,,,,-1,40.0,40.0,0,moongen,1,,nan,nan,nan,nan
picoquic-cubic,picoquic-cubic-rep1,87127,22.531425446,40.006970094296804,1294.0,0.006095,0.010544,0.218928,0.242273,0.378337120951266,1.0,1.0,27,0.4009204953688294,0.0,0.04,0.8304097116843703,0.9180576631259484,0.3879783302343732,professional-n1,professional,,,,-1,40.0,40.0,0,moongen,1,,nan,nan,nan,nan
picoquic-cubic,picoquic-cubic-rep10,87141,22.535477459,40.00743989739312,1294.0,0.010542,0.010544,0.218658,0.24488,0.3767271058067478,1,1.0,24,0.3991691626214985,0.0,0.04,0.8294385432473445,0.9286191198786039,0.3856323158136332,professional-n1,professional,,,,-1,40.0,40.0,0,moongen,1,,nan,nan,nan,nan
picoquic-cubic,picoquic-cubic-rep11,87057,22.508175228,40.01746595963546,1294.0,0.005057,0.010544,0.219248,0.246,0.3731735894137107,1.0,1.0,29,0.39546504014611117,1.1486859033265943e-05,0.04,0.8315705614567527,0.9322685887708649,0.38290295901488697,professional-n1,professional,,,,-1,40.0,40.0,0,moongen,1,,nan,nan,nan,nan
picoquic-cubic,picoquic-cubic-rep12,86955,22.504480006,39.98058518837655,1294.0,0.010542,0.010544,0.21904,0.241985,0.37555489109184165,1,1.0,29,0.3979989649818872,0.0,0.04,0.8308952959028831,0.917329286798179,0.3839846355544311,professional-n1,professional,,,,-1,40.0,40.0,0,moongen,1,,nan,nan,nan,nan
picoquic-cubic,picoquic-cubic-rep13,87119,22.536257154,39.99740692699765,1294.0,0.010542,0.010544,0.219056,0.244288,0.37652379531210545,1,1.0,21,0.39936179249073106,0.0,0.04,0.8308952959028831,0.9258270106221548,0.3865446865171377,professional-n1,professional,,,,-1,40.0,40.0,0,moongen,1,,nan,nan,nan,nan
picoquic-cubic,picoquic-cubic-rep14,87109,22.50350586,40.05481517447433,1294.0,0.010542,0.010544,0.218848,0.241713,0.37684254029480646,1,1.0,21,0.39944207831567347,0.0,0.04,0.8301062215477997,0.9162974203338391,0.38614134178261467,professional-n1,professional,,,,-1,40.0,40.0,0,moongen,1,,nan,nan,nan,nan
picoquic-cubic,picoquic-cubic-rep15,86894,22.508259073,39.945441052725705,1294,0.001999,0.010544,0.220224,0.245808,0.3740232239651065,1.0,1.0,34,0.39678228646396757,0.0,0.04,0.8353300455235205,0.9317754172989378,0.38305732337472526,professional-n1,professional,,,,-1,40.0,40.0,0,moongen,1,,nan,nan,nan,nan
picoquic-cubic,picoquic-cubic-rep16,87142,22.530534114,40.02045985406593,1294,0.010177,0.010544,0.219296,0.23824,0.37885725433492845,1.0,1.0,27,0.4017006724656308,1.1475654399192113e-05,0.04,0.8317488619119878,0.9033725341426404,0.3880722048174797,professional-n1,professional,,,,-1,40.0,40.0,0,moongen,1,,nan,nan,nan,nan
picoquic-cubic,picoquic-cubic-rep17,87041,22.537840803,39.95975017625116,1294.0,0.007105,0.010544,0.218914,0.244848,0.3761029411764706,1,1.0,20,0.3986282326719592,1.1488970588235294e-05,0.04,0.8304097116843703,0.9286191198786039,0.38653492647058824,professional-n1,professional,,,,-1,40.0,40.0,0,moongen,1,,nan,nan,nan,nan
picoquic-cubic,picoquic-cubic-rep18,87121,22.537253899,39.99416912279602,1294.0,0.010542,0.010544,0.218944,0.245281,0.37807621671258035,1,1.0,21,0.40058080141412516,0.0,0.04,0.8304172989377845,0.9301403641881639,0.3859044995408632,professional-n1,professional,,,,-1,40.0,40.0,0,moongen,1,,nan,nan,nan,nan
picoquic-cubic,picoquic-cubic-rep19,86952,22.499057687,39.98604334970965,1294,0.010542,0.010544,0.219505,0.24472,0.37667191866683536,1.0,1.0,30,0.39942727021805136,0.0,0.04,0.8326555386949924,0.9277731411229135,0.38712608250623914,professional-n1,professional,,,,-1,40.0,40.0,0,moongen,1,,nan,nan,nan,nan
picoquic-cubic,picoquic-cubic-rep2,87008,22.540979605,39.934266556912576,1294,0.010542,0.010544,0.21976,0.245536,0.3761076694978565,1.0,1.0,20,0.3987909157778595,0.0,0.04,0.8335660091047041,0.9306828528072838,0.3862562782304872,professional-n1,professional,,,,-1,40.0,40.0,0,moongen,1,,nan,nan,nan,nan
picoquic-cubic,picoquic-cubic-rep3,86942,22.508687305,39.965595319286884,1294,0.008142,0.010544,0.220096,0.242768,0.372862055876974,1,1.0,29,0.3951024821145131,0.0,0.04,0.8348482549317148,0.9201213960546282,0.3818796655202954,professional-n1,professional,,,,-1,40.0,40.0,0,moongen,1,,nan,nan,nan,nan
picoquic-cubic,picoquic-cubic-rep4,86813,22.508165746,39.907081995769836,1294.0,0.010542,0.010544,0.220592,0.248321,0.373796249366447,1,1.0,29,0.3963231313282573,0.0,0.04,0.836783004552352,0.9416084977238239,0.38341473529005204,professional-n1,professional,,,,-1,40.0,40.0,0,moongen,1,,nan,nan,nan,nan
picoquic-cubic,picoquic-cubic-rep5,87004,22.540034641,39.93568769245088,1294,0.003023,0.010544,0.219952,0.23632,0.37955013045527164,1.0,1.0,21,0.4022803549262103,0.0,0.04,0.8342943854324735,0.8963277693474963,0.3885728078342126,professional-n1,professional,,,,-1,40.0,40.0,0,moongen,1,,nan,nan,nan,nan
picoquic-cubic,picoquic-cubic-rep6,87141,22.494849561,40.07725864337467,1294.0,0.010177,0.010544,0.219313,0.245553,0.3772435161808584,1.0,1.0,25,0.39994950712064353,1.1475786091347258e-05,0.04,0.831866464339909,0.9309901365705615,0.3865848060592151,professional-n1,professional,,,,-1,40.0,40.0,0,moongen,1,,nan,nan,nan,nan
picoquic-cubic,picoquic-cubic-rep7,86984,22.539558643,39.928334633983546,1294,0.007118,0.010544,0.219233,0.245264,0.37832679948955544,1.0,1.0,24,0.40115423526165733,0.0,0.04,0.8316236722306525,0.9298975720789074,0.38809882390811995,professional-n1,professional,,,,-1,40.0,40.0,0,moongen,1,,nan,nan,nan,nan
picoquic-cubic,picoquic-cubic-rep8,87243,22.50024823,40.11931418589509,1294.0,0.010542,0.010544,0.219216,0.245488,0.37539258613970333,1,1.0,21,0.39804912715060237,0.0,0.04,0.8315629742033384,0.9306221547799697,0.38508975034960224,professional-n1,professional,,,,-1,40.0,40.0,0,moongen,1,,nan,nan,nan,nan
picoquic-cubic,picoquic-cubic-rep9,87058,22.53345049,39.97315690287786,1294,0.010542,0.010544,0.219744,0.237232,0.37976268421838566,1,1.0,21,0.40246732063681684,0.0,0.04,0.8334446130500759,0.8996661608497724,0.3888486853440849,professional-n1,professional,,,,-1,40.0,40.0,0,moongen,1,,nan,nan,nan,nan
picoquic-cubic,picoquic-cubic,87037,22.540900029,39.95242562814172,1294.0,0.010542,0.010544,0.22008,0.242464,0.37572958316099087,1,1.0,21,0.39802612681962846,0.0,0.04,0.8347837632776934,0.9193930197268588,0.38519693000597455,professional-n1,professional,,,,-1,40.0,40.0,0,moongen,1,,nan,nan,nan,nan
picoquic-reno,picoquic-reno-rep1,75037,24.251531913,36.57787867514,1482.0,0.010544,0.012048,0.15256,0.37829,0.4686550455781225,1,16.0,20,0.49514239641776725,0.0,0.04,0.5065073041168658,1.2560956175298805,0.4977744016205555,professional-n1,professional,,,,-1,40.0,40.0,0,moongen,1,,nan,nan,nan,nan
picoquic-reno,picoquic-reno-rep10,75045,24.255059092,36.5718434506958,1482.0,0.010544,0.012048,0.152432,0.377008,0.4652603805767283,1.0,16.0,21,0.4910920114597908,0.0,0.04,0.506082337317397,1.252164674634794,0.49778796439422207,professional-n1,professional,,,,-1,40.0,40.0,0,moongen,1,,nan,nan,nan,nan
picoquic-reno,picoquic-reno-rep11,75039,24.245701363,36.58533752930148,1482.0,0.010544,0.012048,0.151921,0.376482,0.46668354700285186,1.0,16.0,23,0.49222404349738136,0.0,0.04,0.5043857901726427,1.2501494023904383,0.4987473013673072,professional-n1,professional,,,,-1,40.0,40.0,0,moongen,1,,nan,nan,nan,nan
picoquic-reno,picoquic-reno-rep12,75041,24.232311582,36.60838005479225,1482.0,0.010544,0.012048,0.152144,0.376496,0.46751066098081023,1,16.0,20,0.4931570741328074,0.0,0.04,0.5051261620185923,1.2500962815405046,0.49858742004264395,professional-n1,professional,,,,-1,40.0,40.0,0,moongen,1,,nan,nan,nan,nan
picoquic-reno,picoquic-reno-rep13,75043,24.249893574,36.58141613252756,1482.0,0.010544,0.012048,0.15048,0.37848,0.4681111910663362,1,16.0,19,0.49346374745146115,0.0,0.04,0.4997078353253652,1.2569455511288181,0.500079955225074,professional-n1,professional,,,,-1,40.0,40.0,0,moongen,1,,nan,nan,nan,nan
picoquic-reno,picoquic-reno-rep14,75034,24.27440376,36.542871115199745,1482,0.010543,0.012048,0.151632,0.378657,0.4669678674716458,1.0,16.0,28,0.4933230268944745,0.0,0.04,0.5035325365205844,1.2573240371845948,0.4990204310103554,professional-n1,professional,,,,-1,40.0,40.0,0,moongen,1,,nan,nan,nan,nan
picoquic-reno,picoquic-reno-rep15,86437,25.209315791,35.47207736273622,1294.0,0.00301,0.010544,0.180208,0.339537,0.46663427275672176,1,16.0,22,0.49495007924847,1.156925355176084e-05,0.04,0.6816995447647951,1.287101669195751,0.4749525660604378,professional-n1,professional,,,,-1,40.0,40.0,0,moongen,1,,nan,nan,nan,nan
picoquic-reno,picoquic-reno-rep16,75047,24.214922993,36.632490809755105,1482.0,0.010544,0.012048,0.15216,0.375824,0.46710017855715164,1,16.0,25,0.49310432129199033,0.0,0.04,0.5051792828685259,1.2480212483399735,0.49837433041068147,professional-n1,professional,,,,-1,40.0,40.0,0,moongen,1,,nan,nan,nan,nan
picoquic-reno,picoquic-reno-rep17,86447,25.294092546,35.35232071970138,1294.0,0.010542,0.010544,0.177538,0.341361,0.4672743678134327,1,16.0,20,0.49545964579453305,0.0,0.04,0.6708952959028831,1.2942716236722307,0.4760544154732434,professional-n1,professional,,,,-1,40.0,40.0,0,moongen,1,,nan,nan,nan,nan
picoquic-reno,picoquic-reno-rep18,75044,24.253896896,36.574962440213056,1482,0.010544,0.012048,0.152368,0.37621,0.46671908106019216,1.0,16.0,21,0.49292415116465005,0.0,0.04,0.5058698539176627,1.2491401062416998,0.49812774009567845,professional-n1,professional,,,,-1,40.0,40.0,0,moongen,1,,nan,nan,nan,nan
picoquic-reno,picoquic-reno-rep19,75043,24.247349926,36.58482575239262,1482.0,0.010544,0.012048,0.153041,0.376721,0.4660456810852589,1.0,16.0,25,0.4917713844062737,0.0,0.04,0.5083134130146082,1.2511022576361222,0.4977612536979292,professional-n1,professional,,,,-1,40.0,40.0,0,moongen,1,,nan,nan,nan,nan
picoquic-reno,picoquic-reno-rep2,75044,24.244362508,36.5902547327148,1482,0.010544,0.012048,0.1504,0.378032,0.46989059605825995,1.0,16.0,29,0.4957891370396034,0.0,0.04,0.4995517928286853,1.2551427622841966,0.5001399197793265,professional-n1,professional,,,,-1,40.0,40.0,0,moongen,1,,nan,nan,nan,nan
picoquic-reno,picoquic-reno-rep3,75032,24.25938201,36.56543499889427,1482,0.010544,0.012048,0.150192,0.376704,0.46797990164065517,1,16.0,27,0.4940691971425525,0.0,0.04,0.49864541832669323,1.2510524568393093,0.5003798429982274,professional-n1,professional,,,,-1,40.0,40.0,0,moongen,1,,nan,nan,nan,nan
picoquic-reno,picoquic-reno-rep4,75049,24.248768374,36.58140233427758,1482.0,0.010544,0.012048,0.15261,0.379632,0.46502238567316917,1.0,16.0,34,0.49095923996322405,0.0,0.04,0.5067197875166003,1.2607702523240372,0.49809455281952886,professional-n1,professional,,,,-1,40.0,40.0,0,moongen,1,,nan,nan,nan,nan
picoquic-reno,picoquic-reno-rep5,86443,25.24474434,35.42084625444854,1294.0,0.006081,0.010544,0.177968,0.340273,0.468360287823049,1,16.0,23,0.49674351885057205,1.156845052173712e-05,0.04,0.6741122913505311,1.290140364188164,0.47723328937322135,professional-n1,professional,,,,-1,40.0,40.0,0,moongen,1,,nan,nan,nan,nan
picoquic-reno,picoquic-reno-rep6,86441,25.219124746,35.45760612258483,1294.0,0.005071,0.010544,0.176816,0.339745,0.46848681166126793,1,16.0,26,0.4969169722701033,0.0,0.04,0.6693171471927163,1.2878300455235205,0.4770245256825544,professional-n1,professional,,,,-1,40.0,40.0,0,moongen,1,,nan,nan,nan,nan
picoquic-reno,picoquic-reno-rep7,75052,24.236447329,36.60099270979255,1482,0.010544,0.012048,0.151184,0.378897,0.466123036335292,1,16.0,22,0.49195224644246655,0.0,0.04,0.5019389110225764,1.2583300132802124,0.49943371840481804,professional-n1,professional,,,,-1,40.0,40.0,0,moongen,1,,nan,nan,nan,nan
picoquic-reno,picoquic-reno-rep8,75066,24.253689477,36.57581288163368,1482,0.010544,0.012048,0.15152,0.376193,0.46887364284286953,1.0,16.0,20,0.4951109690139344,0.0,0.04,0.5030544488711819,1.2490836653386455,0.4990208485978818,professional-n1,professional,,,,-1,40.0,40.0,0,moongen,1,,nan,nan,nan,nan
picoquic-reno,picoquic-reno-rep9,75050,24.251574587,36.57861689836511,1482,0.010544,0.012048,0.150368,0.376705,0.4684939173073592,1.0,16.0,26,0.4952031978680879,0.0,0.04,0.4992895086321381,1.2508930942895087,0.5002065317326013,professional-n1,professional,,,,-1,40.0,40.0,0,moongen,1,,nan,nan,nan,nan
picoquic-reno,picoquic-reno,75050,24.224430306,36.618644764590734,1482,0.010544,0.012048,0.152928,0.375921,0.46637530146970646,1,16.0,22,0.49257828114590274,0.0,0.04,0.5077290836653386,1.2481274900398407,0.4976482031739264,professional-n1,professional,,,,-1,40.0,40.0,0,moongen,1,,nan,nan,nan,nan
quiche-gso-txtime-bbr-gso_unpaced,quiche-gso-txtime-bbr-gso_unpaced-rep1,83556,23.315353608,38.89163678344843,1392,0.011326,0.011328,0.011328,0.710866,0.5679013823230208,2,4.0,38,0.12203791469194313,0.0,0.04,0.04,2.590681497175141,0.5679133504877028,professional-n1,professional,,,,-1,40.0,40.0,0,moongen,1,,nan,nan,nan,nan
quiche-gso-txtime-bbr-gso_unpaced,quiche-gso-txtime-bbr-gso_unpaced-rep10,82613,23.250714226,38.77245228845126,1392.0,0.011326,0.011328,0.012096,0.708481,0.5388200261463225,2.0,3.0,48,0.04861220389042887,0.0,0.04,0.04271186440677966,2.5776906779661015,0.5388079213673558,professional-n1,professional,,,,-1,40.0,40.0,0,moongen,1,,nan,nan,nan,nan
quiche-gso-txtime-bbr-gso_unpaced,quiche-gso-txtime-bbr-gso_unpaced-rep11,82279,23.246091607,38.844147019023666,1392.0,0.011326,0.011328,0.01133,0.715729,0.5443617978074333,2.0,3.0,48,0.05960208558684476,0.0,0.04,0.040007062146892654,2.5753142655367234,0.5443739517246409,professional-n1,professional,,,,-1,40.0,40.0,0,moongen,1,,nan,nan,nan,nan
quiche-gso-txtime-bbr-gso_unpaced,quiche-gso-txtime-bbr-gso_unpaced-rep12,83581,23.333587766,38.865760426325686,1392.0,0.011326,0.011328,0.011328,0.725409,0.5899856424982053,2.0,4.0,32,0.13379835129993659,0.0,0.04,0.04,2.6379696327683617,0.5899736779133764,professional-n1,professional,,,,-1,40.0,40.0,0,moongen,1,,nan,nan,nan,nan
quiche-gso-txtime-bbr-gso_unpaced,quiche-gso-txtime-bbr-gso_unpaced-rep13,83510,23.396866883,38.72010028224085,1392,0.011326,0.011328,0.011328,0.708482,0.5631848064280497,2,4.0,48,0.09852712250029937,0.0,0.04,0.04,2.5913629943502823,0.5632087559424732,professional-n1,professional,,,,-1,40.0,40.0,0,moongen,1,,nan,nan,nan,nan
quiche-gso-txtime-bbr-gso_unpaced,quiche-gso-txtime-bbr-gso_unpaced-rep14,83145,23.40140227,38.58190742515705,1392.0,0.011326,0.011328,0.011329,0.709186,0.5448498989704609,2.0,4.0,35,0.05500030067953575,0.0,0.04,0.04000353107344633,2.5923764124293784,0.5448859809487154,professional-n1,professional,,,,-1,40.0,40.0,0,moongen,1,,nan,nan,nan,nan
quiche-gso-txtime-bbr-gso_unpaced,quiche-gso-txtime-bbr-gso_unpaced-rep15,83322,23.218500532,38.915495630508275,1392,0.011326,0.011328,0.011329,0.709217,0.5519856938826946,2.0,4.0,32,0.06550490866757878,0.0,0.04,0.04000353107344633,2.6027189265536723,0.5519976956589575,professional-n1,professional,,,,-1,40.0,40.0,0,moongen,1,,nan,nan,nan,nan
quiche-gso-txtime-bbr-gso_unpaced,quiche-gso-txtime-bbr-gso_unpaced-rep16,82223,23.42231382,38.61643418113847,1392.0,0.011326,0.011328,0.011328,0.724625,0.5770231811437329,2,4.0,24,0.08001410797465429,0.0,0.04,0.04,2.5914159604519775,0.5770839921188976,professional-n1,professional,,,,-1,40.0,40.0,0,moongen,1,,nan,nan,nan,nan
quiche-gso-txtime-bbr-gso_unpaced,quiche-gso-txtime-bbr-gso_unpaced-rep17,83846,23.236991362,38.885952571195,1392,0.011326,0.011328,0.322688,0.602625,0.4507722583338303,2,3.0,48,0.05005605514872504,0.0,0.04,1.1512464689265536,2.261475988700565,0.4507722583338303,professional-n1,professional,,,,-1,40.0,40.0,0,moongen,1,,nan,nan,nan,nan
quiche-gso-txtime-bbr-gso_unpaced,quiche-gso-txtime-bbr-gso_unpaced-rep18,82812,23.258964786,38.86196794726081,1392,0.011326,0.011328,0.011328,0.723169,0.5777734841989591,2.0,4.0,29,0.09135149495242235,0.0,0.04,0.04,2.6128848870056496,0.5777976355798142,professional-n1,professional,,,,-1,40.0,40.0,0,moongen,1,,nan,nan,nan,nan
quiche-gso-txtime-bbr-gso_unpaced,quiche-gso-txtime-bbr-gso_unpaced-rep19,83663,23.344668015,38.9157527284716,1392.0,0.011326,0.011328,0.011328,0.723121,0.5971767349573283,2.0,4.0,48,0.1422492619198451,0.0,0.04,0.04,2.622263418079096,0.5971886878152566,professional-n1,professional,,,,-1,40.0,40.0,0,moongen,1,,nan,nan,nan,nan
quiche-gso-txtime-bbr-gso_unpaced,quiche-gso-txtime-bbr-gso_unpaced-rep2,83448,23.363881275,38.6900860075527,1392,0.011326,0.011328,0.011328,0.726689,0.5904346471412992,2.0,4.0,32,0.08671268334771355,0.0,0.04,0.04,2.711186023622047,0.5904466307955948,professional-n1,professional,,,,-1,40.0,40.0,0,moongen,1,,nan,nan,nan,nan
quiche-gso-txtime-bbr-gso_unpaced,quiche-gso-txtime-bbr-gso_unpaced-rep3,83453,23.332623228,38.857805534355066,1392.0,0.011326,0.011328,0.011328,0.713073,0.5782006422853856,2,4.0,51,0.1108288497717278,0.0,0.04,0.04,2.593675847457627,0.578224608157983,professional-n1,professional,,,,-1,40.0,40.0,0,moongen,1,,nan,nan,nan,nan
quiche-gso-txtime-bbr-gso_unpaced,quiche-gso-txtime-bbr-gso_unpaced-rep4,83463,23.307799663,38.76500386410585,1392.0,0.011326,0.011328,0.332577,0.598354,0.4382713090987515,2.0,3.0,34,0.05731881192863904,0.0,0.04,1.2003954802259886,2.2207379943502823,0.4383072536004409,professional-n1,professional,,,,-1,40.0,40.0,0,moongen,1,,nan,nan,nan,nan
quiche-gso-txtime-bbr-gso_unpaced,quiche-gso-txtime-bbr-gso_unpaced-rep5,83280,23.439846257,38.64778625540112,1392,0.011326,0.011328,0.011328,0.746946,0.6193638252140395,2.0,5.0,25,0.11366474543707973,0.0,0.04,0.04,2.9912766945218197,0.6193758330431441,professional-n1,professional,,,,-1,40.0,40.0,0,moongen,1,,nan,nan,nan,nan
quiche-gso-txtime-bbr-gso_unpaced,quiche-gso-txtime-bbr-gso_unpaced-rep6,83833,23.207547216,38.87315999417765,1392.0,0.011326,0.011328,0.317776,0.609361,0.4528103826701021,2,3.0,48,0.04203595242923431,0.0,0.04,1.132489406779661,2.2857220921155346,0.45282231128924516,professional-n1,professional,,,,-1,40.0,40.0,0,moongen,1,,nan,nan,nan,nan
quiche-gso-txtime-bbr-gso_unpaced,quiche-gso-txtime-bbr-gso_unpaced-rep7,83684,23.518769552,38.667168789987386,1392,0.011326,0.011328,0.011328,0.721105,0.5983055100797056,2.0,5.0,36,0.16550356101524782,0.0,0.04,0.04,2.630342514124294,0.5984250086636473,professional-n1,professional,,,,-1,40.0,40.0,0,moongen,1,,nan,nan,nan,nan
quiche-gso-txtime-bbr-gso_unpaced,quiche-gso-txtime-bbr-gso_unpaced-rep8,83222,23.398518916,38.569636105594945,1392,0.011326,0.011328,0.325744,0.601425,0.443830283221783,2.0,3.0,48,0.058494148181971115,0.0,0.04,1.1576271186440679,2.2145233050847457,0.44389036421095635,professional-n1,professional,,,,-1,40.0,40.0,0,moongen,1,,nan,nan,nan,nan
quiche-gso-txtime-bbr-gso_unpaced,quiche-gso-txtime-bbr-gso_unpaced-rep9,83332,23.841025625,37.85478721408824,1392,0.011326,0.011328,0.319136,0.626977,0.456336777429768,2,3.0,48,0.04456871309940959,0.0,0.04,1.1385911016949153,2.3594915254237288,0.4563607781017868,professional-n1,professional,,,,-1,40.0,40.0,0,moongen,1,,nan,nan,nan,nan
quiche-gso-txtime-bbr-gso_unpaced,quiche-gso-txtime-bbr-gso_unpaced,83474,23.256620264,38.92271799274368,1392,0.011326,0.011328,0.011328,0.719473,0.5833023852024007,2.0,4.0,56,0.0788389199032034,0.0,0.04,0.04,2.64017302259887,0.5833263450457034,professional-n1,professional,,,,-1,40.0,40.0,0,moongen,1,,nan,nan,nan,nan
quiche-gso-txtime-bbr2-gso_unpaced,quiche-gso-txtime-bbr2-gso_unpaced-rep1,82182,23.28022759,38.78570776463788,1392,0.011326,0.011328,0.011329,0.736769,0.5566980202236527,2.0,4.0,39,0.06709498430313207,0.0,0.04,0.04000353107344633,2.636105225988701,0.556734525011864,professional-n1,professional,,,,-1,40.0,40.0,0,moongen,1,,nan,nan,nan,nan
quiche-gso-txtime-bbr2-gso_unpaced,quiche-gso-txtime-bbr2-gso_unpaced-rep10,83104,23.380190598,38.7498172096809,1392,0.011326,0.011328,0.011328,0.748225,0.6024812581976583,2.0,4.0,48,0.10963371197535618,0.0,0.04,0.04,2.702379943502825,0.6024932914575888,professional-n1,professional,,,,-1,40.0,40.0,0,moongen,1,,nan,nan,nan,nan
quiche-gso-txtime-bbr2-gso_unpaced,quiche-gso-txtime-bbr2-gso_unpaced-rep11,83448,23.226037783,38.93048588174683,1392,0.011326,0.011328,0.321168,0.616097,0.46373147027454553,2,3.0,41,0.0687973348672227,0.0,0.04,1.1484745762711865,2.2889901129943504,0.46376742123743214,professional-n1,professional,,,,-1,40.0,40.0,0,moongen,1,,nan,nan,nan,nan
quiche-gso-txtime-bbr2-gso_unpaced,quiche-gso-txtime-bbr2-gso_unpaced-rep12,82515,23.244273229,38.85458027025844,1392.0,0.011326,0.011328,0.317585,0.63469,0.48138497709479605,2.0,3.0,37,0.07573168514815488,0.0,0.04,1.1258227401129943,2.3239053672316383,0.48150616865016843,professional-n1,professional,,,,-1,40.0,40.0,0,moongen,1,,nan,nan,nan,nan
quiche-gso-txtime-bbr2-gso_unpaced,quiche-gso-txtime-bbr2-gso_unpaced-rep13,84085,23.317336762,38.73804874114293,1392.0,0.011326,0.011328,0.314256,0.627569,0.48180391037533893,2,3.0,48,0.05952310162335732,0.0,0.04,1.124689265536723,2.4014159604519776,0.4818395889824461,professional-n1,professional,,,,-1,40.0,40.0,0,moongen,1,,nan,nan,nan,nan
quiche-gso-txtime-bbr2-gso_unpaced,quiche-gso-txtime-bbr2-gso_unpaced-rep14,83117,23.46890319,38.718538171276165,1392.0,0.011326,0.011328,0.011328,0.663361,0.5384041580441792,2,5.0,46,0.18703754947844606,0.0,0.04,0.04,2.4309639830508476,0.5384643149333461,professional-n1,professional,,,,-1,40.0,40.0,0,moongen,1,,nan,nan,nan,nan
quiche-gso-txtime-bbr2-gso_unpaced,quiche-gso-txtime-bbr2-gso_unpaced-rep15,82918,23.165053031,38.88990086896901,1392,0.011326,0.011328,0.330224,0.619953,0.44912382261779854,2.0,3.0,42,0.03069297378132613,0.0,0.04,1.1718714689265537,2.2835063559322033,0.4491961841359432,professional-n1,professional,,,,-1,40.0,40.0,0,moongen,1,,nan,nan,nan,nan
quiche-gso-txtime-bbr2-gso_unpaced,quiche-gso-txtime-bbr2-gso_unpaced-rep16,82664,23.190045706,38.91342740072821,1392,0.011326,0.011328,0.011328,0.737202,0.5631782054849207,2.0,4.0,37,0.06390931965547275,0.0,0.04,0.04,2.650681497175141,0.5632144974172242,professional-n1,professional,,,,-1,40.0,40.0,0,moongen,1,,nan,nan,nan,nan
quiche-gso-txtime-bbr2-gso_unpaced,quiche-gso-txtime-bbr2-gso_unpaced-rep17,82611,23.716809279,38.17819224113515,1392.0,0.011326,0.011328,0.011328,0.742274,0.581358189081225,2,4.0,48,0.10191136773553158,0.0,0.04,0.04,2.6565007062146893,0.5813945042973006,professional-n1,professional,,,,-1,40.0,40.0,0,moongen,1,,nan,nan,nan,nan
quiche-gso-txtime-bbr2-gso_unpaced,quiche-gso-txtime-bbr2-gso_unpaced-rep18,82719,23.194373351,38.96530431424804,1392.0,0.011326,0.011328,0.321697,0.620864,0.4645059116516357,2.0,3.0,36,0.0701894365260702,0.0,0.04,1.1461581920903954,2.2672916666666665,0.46453009018593294,professional-n1,professional,,,,-1,40.0,40.0,0,moongen,1,,nan,nan,nan,nan
quiche-gso-txtime-bbr2-gso_unpaced,quiche-gso-txtime-bbr2-gso_unpaced-rep19,81709,23.098983309,38.952658823274966,1392.0,0.011326,0.011328,0.011328,0.745954,0.567937044108288,2.0,4.0,36,0.04378954582726505,0.0,0.04,0.04,2.6574046610169493,0.5680104763303471,professional-n1,professional,,,,-1,40.0,40.0,0,moongen,1,,nan,nan,nan,nan
quiche-gso-txtime-bbr2-gso_unpaced,quiche-gso-txtime-bbr2-gso_unpaced-rep2,83693,23.312350792,38.99100936281072,1392.0,0.011326,0.011328,0.305666,0.626769,0.4956029250107537,2,3.0,47,0.11959184161160431,0.0,0.04,1.1008474576271186,2.3258630665380906,0.4956387707307747,professional-n1,professional,,,,-1,40.0,40.0,0,moongen,1,,nan,nan,nan,nan
quiche-gso-txtime-bbr2-gso_unpaced,quiche-gso-txtime-bbr2-gso_unpaced-rep3,82890,23.249333766,38.88572916107019,1392,0.011326,0.011328,0.322001,0.610114,0.4646937470593203,2.0,3.0,48,0.07648691036313186,0.0,0.04,1.1486475988700564,2.2223199152542374,0.46472994004029483,professional-n1,professional,,,,-1,40.0,40.0,0,moongen,1,,nan,nan,nan,nan
quiche-gso-txtime-bbr2-gso_unpaced,quiche-gso-txtime-bbr2-gso_unpaced-rep4,83649,23.910471234,37.74192215487475,1392.0,0.011326,0.011328,0.338161,0.611552,0.43540789977046673,2.0,3.0,48,0.03381989025571137,0.0,0.04,1.2167796610169492,2.296670197740113,0.43544376434583015,professional-n1,professional,,,,-1,40.0,40.0,0,moongen,1,,nan,nan,nan,nan
quiche-gso-txtime-bbr2-gso_unpaced,quiche-gso-txtime-bbr2-gso_unpaced-rep5,82849,23.402125458,38.552424377828494,1392.0,0.011326,0.011328,0.011328,0.744898,0.5724217844727694,2,4.0,48,0.04484061364651354,0.0,0.04,0.04,2.6928848870056497,0.5724459250675936,professional-n1,professional,,,,-1,40.0,40.0,0,moongen,1,,nan,nan,nan,nan
quiche-gso-txtime-bbr2-gso_unpaced,quiche-gso-txtime-bbr2-gso_unpaced-rep6,84698,23.265201788,38.79883236024998,1392,0.011326,0.011328,0.308641,0.640529,0.49073757039800703,2.0,3.0,48,0.04602233818980377,0.0,0.04,1.1188700564971752,2.511811440677966,0.4907729907788942,professional-n1,professional,,,,-1,40.0,40.0,0,moongen,1,,nan,nan,nan,nan
quiche-gso-txtime-bbr2-gso_unpaced,quiche-gso-txtime-bbr2-gso_unpaced-rep7,83485,23.485771076,38.79783980910672,1392.0,0.011326,0.011328,0.011328,0.633601,0.5413133055435773,2.0,5.0,48,0.20539018985446486,0.0,0.04,0.04,2.355427259887006,0.5414570456614441,professional-n1,professional,,,,-1,40.0,40.0,0,moongen,1,,nan,nan,nan,nan
quiche-gso-txtime-bbr2-gso_unpaced,quiche-gso-txtime-bbr2-gso_unpaced-rep8,83685,23.540602474,38.53505622899462,1392.0,0.011326,0.011328,0.011328,0.737505,0.6049543520864203,2.0,5.0,27,0.15553563960088426,0.0,0.04,0.04,2.7123234463276837,0.6050499498111945,professional-n1,professional,,,,-1,40.0,40.0,0,moongen,1,,nan,nan,nan,nan
quiche-gso-txtime-bbr2-gso_unpaced,quiche-gso-txtime-bbr2-gso_unpaced-rep9,83185,23.299205795,38.706713693800396,1392.0,0.011326,0.011328,0.011328,0.749649,0.5983602615887671,2,4.0,48,0.051307327042135004,0.0,0.04,0.04,2.7832803672316384,0.5983722831313714,professional-n1,professional,,,,-1,40.0,40.0,0,moongen,1,,nan,nan,nan,nan
quiche-gso-txtime-bbr2-gso_unpaced,quiche-gso-txtime-bbr2-gso_unpaced,83133,23.246953615,38.83857295682052,1392.0,0.011326,0.011328,0.011328,0.745585,0.5857431554636,2,4.0,48,0.06026487676374003,0.0,0.04,0.04,2.6995515536723165,0.5857431554636,professional-n1,professional,,,,-1,40.0,40.0,0,moongen,1,,nan,nan,nan,nan
quiche-gso-txtime-cubic-etf-delta-200000-gso_paced-offload-spurious_fixed,quiche-gso-txtime-cubic-etf-delta-200000-gso_paced-offload-spurious_fixed-rep1,81178,23.003239683,39.0557276444825,1392,0.00088,0.200769,0.217568,0.516177,0.037929462778865934,1,1.0,8,9.854886791987977e-05,0.00016014388311960285,0.7111864406779661,0.7683050847457628,1.8431638418079097,0.05363588208482698,professional-n1,professional,,,,-1,40.0,40.0,0,moongen,1,,nan,nan,nan,nan
quiche-gso-txtime-cubic-etf-delta-200000-gso_paced-offload-spurious_fixed,quiche-gso-txtime-cubic-etf-delta-200000-gso_paced-offload-spurious_fixed-rep10,81753,23.003054334,39.0770047728567,1392.0,0.00088,0.200176,0.217616,0.504305,0.041002054995596435,1,1.0,10,0.0001957114723618705,0.0002446423329092866,0.7109604519774011,0.7684781073446327,1.8301129943502825,0.0530506898913788,professional-n1,professional,,,,-1,40.0,40.0,0,moongen,1,,nan,nan,nan,nan
quiche-gso-txtime-cubic-etf-delta-200000-gso_paced-offload-spurious_fixed,quiche-gso-txtime-cubic-etf-delta-200000-gso_paced-offload-spurious_fixed-rep11,82411,23.027083761,39.064146260826206,1392.0,0.00088,0.170544,0.21768,0.497984,0.05761436718844801,1,2.0,10,0.00019414883935396974,0.0003761679407838854,0.6106214689265537,0.7688700564971751,1.815935734463277,0.06763742264288315,professional-n1,professional,,,,-1,40.0,40.0,0,moongen,1,,nan,nan,nan,nan
quiche-gso-txtime-cubic-etf-delta-200000-gso_paced-offload-spurious_fixed,quiche-gso-txtime-cubic-etf-delta-200000-gso_paced-offload-spurious_fixed-rep12,81603,22.999835319,39.06565258133621,1392.0,0.00088,0.197424,0.217505,0.50592,0.04387147373838877,1,1.0,7,8.578116000637231e-05,0.0002328374304551359,0.7028248587570621,0.768135593220339,1.826045197740113,0.05492512438420627,professional-n1,professional,,,,-1,40.0,40.0,0,moongen,1,,nan,nan,nan,nan
quiche-gso-txtime-cubic-etf-delta-200000-gso_paced-offload-spurious_fixed,quiche-gso-txtime-cubic-etf-delta-200000-gso_paced-offload-spurious_fixed-rep13,82003,23.008944625,39.052085814648706,1392.0,0.00088,0.190496,0.217825,0.500129,0.04699885368649545,1,1.0,3,0.0,0.0,0.6950282485875706,0.7692655367231639,1.8082485875706216,0.05518158093705031,professional-n1,professional,,,,-1,40.0,40.0,0,moongen,1,,nan,nan,nan,nan
quiche-gso-txtime-cubic-etf-delta-200000-gso_paced-offload-spurious_fixed,quiche-gso-txtime-cubic-etf-delta-200000-gso_paced-offload-spurious_fixed-rep14,81243,24.530093274,36.632935633899784,1392.0,0.00088,0.185888,0.21792,0.510096,0.04482902931980995,1,1.0,10,0.0002954100660980023,0.0,0.6661016949152543,0.7694950564971751,1.8171751412429378,0.06059673567858989,professional-n1,professional,,,,-1,40.0,40.0,0,moongen,1,,nan,nan,nan,nan
quiche-gso-txtime-cubic-etf-delta-200000-gso_paced-offload-spurious_fixed,quiche-gso-txtime-cubic-etf-delta-200000-gso_paced-offload-spurious_fixed-rep15,81408,23.007485333,39.04719020776437,1392,0.00088,0.204448,0.217793,0.507584,0.041544338938911886,1.0,1.0,4,0.0,0.0006019138403331409,0.7263276836158192,0.7691525423728813,1.828252118644068,0.053754591128527034,professional-n1,professional,,,,-1,40.0,40.0,0,moongen,1,,nan,nan,nan,nan
quiche-gso-txtime-cubic-etf-delta-200000-gso_paced-offload-spurious_fixed,quiche-gso-txtime-cubic-etf-delta-200000-gso_paced-offload-spurious_fixed-rep16,82452,23.087699713,38.99248947235301,1392,0.00088,0.139008,0.218032,0.493808,0.05643351808953197,1,2.0,8,0.0001697957599573085,1.2128415665061673e-05,0.5034463276836159,0.7700600282485875,1.8132803672316384,0.09918618330887437,professional-n1,professional,,,,-1,40.0,40.0,0,moongen,1,,nan,nan,nan,nan
quiche-gso-txtime-cubic-etf-delta-200000-gso_paced-offload-spurious_fixed,quiche-gso-txtime-cubic-etf-delta-200000-gso_paced-offload-spurious_fixed-rep17,82383,23.065073817,39.024647878498484,1392.0,0.00088,0.142112,0.217952,0.490465,0.05486635430069675,1,2.0,4,0.0,0.0002670486271272851,0.5167796610169492,0.7698305084745762,1.795593220338983,0.09584617999077469,professional-n1,professional,,,,-1,40.0,40.0,0,moongen,1,,nan,nan,nan,nan
quiche-gso-txtime-cubic-etf-delta-200000-gso_paced-offload-spurious_fixed,quiche-gso-txtime-cubic-etf-delta-200000-gso_paced-offload-spurious_fixed-rep18,81844,23.022344737,39.01539492441143,1392,0.000928,0.194,0.217536,0.50264,0.04707794191317523,1,1.0,12,0.00014662039978495674,0.00047652212162310764,0.6961016949152542,0.7682485875706214,1.8176271186440678,0.054311303349095216,professional-n1,professional,,,,-1,40.0,40.0,0,moongen,1,,nan,nan,nan,nan
quiche-gso-txtime-cubic-etf-delta-200000-gso_paced-offload-spurious_fixed,quiche-gso-txtime-cubic-etf-delta-200000-gso_paced-offload-spurious_fixed-rep19,81754,23.020937487,39.05839023748529,1392,0.00088,0.195409,0.217584,0.50261,0.04349687473242572,1.0,1.0,10,0.00012231817403429802,0.00022017540640710434,0.6967231638418079,0.7684180790960452,1.8162217514124295,0.054689124558120195,professional-n1,professional,,,,-1,40.0,40.0,0,moongen,1,,nan,nan,nan,nan
quiche-gso-txtime-cubic-etf-delta-200000-gso_paced-offload-spurious_fixed,quiche-gso-txtime-cubic-etf-delta-200000-gso_paced-offload-spurious_fixed-rep2,81519,23.009017741,39.056300539013954,1392.0,0.00088,0.199744,0.217313,0.513265,0.038408695012144556,1.0,1.0,10,0.00024534157681031413,0.0,0.7086440677966102,0.7674576271186441,1.8490430790960453,0.05256507765156162,professional-n1,professional,,,,-1,40.0,40.0,0,moongen,1,,nan,nan,nan,nan
quiche-gso-txtime-cubic-etf-delta-200000-gso_paced-offload-spurious_fixed,quiche-gso-txtime-cubic-etf-delta-200000-gso_paced-offload-spurious_fixed-rep3,81743,23.003751611,39.07577543004622,1392.0,0.00088,0.187729,0.217328,0.511729,0.04679357001296763,1.0,1.0,10,0.00019573541465324248,0.0,0.6710734463276836,0.7675141242937853,1.8560487288135594,0.060874458662621415,professional-n1,professional,,,,-1,40.0,40.0,0,moongen,1,,nan,nan,nan,nan
quiche-gso-txtime-cubic-etf-delta-200000-gso_paced-offload-spurious_fixed,quiche-gso-txtime-cubic-etf-delta-200000-gso_paced-offload-spurious_fixed-rep4,81711,23.011363273,39.06856683518839,1392.0,0.00088,0.183488,0.217489,0.513217,0.04934524538000245,1,2.0,9,0.00011014428901861439,0.0002692448904662832,0.6590960451977401,0.768135593220339,1.8528848870056498,0.0653653163627463,professional-n1,professional,,,,-1,40.0,40.0,0,moongen,1,,nan,nan,nan,nan
quiche-gso-txtime-cubic-etf-delta-200000-gso_paced-offload-spurious_fixed,quiche-gso-txtime-cubic-etf-delta-200000-gso_paced-offload-spurious_fixed-rep5,81258,22.993235189,39.05699953130679,1392,0.00088,0.200032,0.217472,0.517826,0.04026730004799586,1.0,1.0,2,0.0,8.614642430805962e-05,0.7087005649717514,0.7679661016949153,1.8528813559322035,0.055355230933950304,professional-n1,professional,,,,-1,40.0,40.0,0,moongen,1,,nan,nan,nan,nan
quiche-gso-txtime-cubic-etf-delta-200000-gso_paced-offload-spurious_fixed,quiche-gso-txtime-cubic-etf-delta-200000-gso_paced-offload-spurious_fixed-rep6,81253,22.993628786,39.058702058668615,1392.0,0.00088,0.199888,0.216817,0.513312,0.03318072170531187,1,1.0,3,0.0,0.00019691822970511496,0.7071822033898305,0.7657062146892656,1.8367266949152543,0.045094274602471326,professional-n1,professional,,,,-1,40.0,40.0,0,moongen,1,,nan,nan,nan,nan
quiche-gso-txtime-cubic-etf-delta-200000-gso_paced-offload-spurious_fixed,quiche-gso-txtime-cubic-etf-delta-200000-gso_paced-offload-spurious_fixed-rep7,81079,23.002166463,39.049562459468056,1392.0,0.00088,0.201936,0.2168,0.515793,0.0267396827746121,1,1.0,10,0.00024667299794028046,0.0001110042181602901,0.7137853107344633,0.7656002824858757,1.8483686440677967,0.039825846715508526,professional-n1,professional,,,,-1,40.0,40.0,0,moongen,1,,nan,nan,nan,nan
quiche-gso-txtime-cubic-etf-delta-200000-gso_paced-offload-spurious_fixed,quiche-gso-txtime-cubic-etf-delta-200000-gso_paced-offload-spurious_fixed-rep8,81759,23.292372559,38.59639724217928,1392.0,0.00088,0.187504,0.217792,0.514529,0.047298123731011034,1.0,1.0,6,7.338641617436612e-05,0.0,0.6754802259887006,0.7691525423728813,1.855204802259887,0.06240367915066416,professional-n1,professional,,,,-1,40.0,40.0,0,moongen,1,,nan,nan,nan,nan
quiche-gso-txtime-cubic-etf-delta-200000-gso_paced-offload-spurious_fixed,quiche-gso-txtime-cubic-etf-delta-200000-gso_paced-offload-spurious_fixed-rep9,81173,22.996732764,39.05070903836503,1392.0,0.00088,0.205712,0.217184,0.515425,0.02945597003892968,1.0,1.0,4,0.0,0.00028334893805745826,0.7275706214689266,0.7668926553672316,1.8489265536723163,0.04443650519883704,professional-n1,professional,,,,-1,40.0,40.0,0,moongen,1,,nan,nan,nan,nan
quiche-gso-txtime-cubic-etf-delta-200000-gso_paced-offload-spurious_fixed,quiche-gso-txtime-cubic-etf-delta-200000-gso_paced-offload-spurious_fixed,82208,23.045918025,39.03275673480141,1392,0.00088,0.160384,0.218274,0.476208,0.04325665697568334,1.0,1.0,10,0.00024328532502919425,0.0,0.5787570621468927,0.7709074858757062,1.784526836158192,0.0757234785358911,professional-n1,professional,,,,-1,40.0,40.0,0,moongen,1,,nan,nan,nan,nan
quiche-gso-txtime-cubic-etf-delta-200000-gso_paced-spurious_fixed,quiche-gso-txtime-cubic-etf-delta-200000-gso_paced-spurious_fixed-rep1,81358,22.999119429,39.06987181722156,1392,0.00088,0.193937,0.217472,0.513665,0.04274985557481225,1.0,1.0,10,0.00012291354261412523,0.0,0.6928813559322033,0.7679696327683616,1.8335628531073447,0.05802819671325147,professional-n1,professional,,,,-1,40.0,40.0,0,moongen,1,,nan,nan,nan,nan
quiche-gso-txtime-cubic-etf-delta-200000-gso_paced-spurious_fixed,quiche-gso-txtime-cubic-etf-delta-200000-gso_paced-spurious_fixed-rep10,82575,23.055977556,39.047147656756685,1392.0,0.00088,0.138032,0.218032,0.492257,0.057948022379925884,1.0,2.0,4,0.0,2.422069900937341e-05,0.5111864406779661,0.7701129943502825,1.7999435028248587,0.09829970692954199,professional-n1,professional,,,,-1,40.0,40.0,0,moongen,1,,nan,nan,nan,nan
quiche-gso-txtime-cubic-etf-delta-200000-gso_paced-spurious_fixed,quiche-gso-txtime-cubic-etf-delta-200000-gso_paced-spurious_fixed-rep11,81274,23.001672196,39.06087558956881,1392,0.00088,0.202448,0.217616,0.502129,0.03766318457544326,1,1.0,8,0.00019686492605261216,0.0,0.7164406779661017,0.7684745762711864,1.795540254237288,0.04947522547463487,professional-n1,professional,,,,-1,40.0,40.0,0,moongen,1,,nan,nan,nan,nan
quiche-gso-txtime-cubic-etf-delta-200000-gso_paced-spurious_fixed,quiche-gso-txtime-cubic-etf-delta-200000-gso_paced-spurious_fixed-rep12,81925,23.015951527,39.06946253971402,1392.0,0.00088,0.185232,0.21792,0.499568,0.04897221815341048,1,2.0,8,0.000183094293561184,0.0,0.667683615819209,0.7696610169491526,1.8111935028248587,0.06066598310629364,professional-n1,professional,,,,-1,40.0,40.0,0,moongen,1,,nan,nan,nan,nan
quiche-gso-txtime-cubic-etf-delta-200000-gso_paced-spurious_fixed,quiche-gso-txtime-cubic-etf-delta-200000-gso_paced-spurious_fixed-rep13,81459,23.003665938,39.05864962661327,1392.0,0.000881,0.20232,0.2172,0.510032,0.03432443713324658,1,1.0,4,0.0,0.00038056421714257655,0.7159887005649718,0.7670621468926554,1.8473446327683616,0.047337278106508875,professional-n1,professional,,,,-1,40.0,40.0,0,moongen,1,,nan,nan,nan,nan
quiche-gso-txtime-cubic-etf-delta-200000-gso_paced-spurious_fixed,quiche-gso-txtime-cubic-etf-delta-200000-gso_paced-spurious_fixed-rep14,81935,23.018705205,39.05606609900541,1392.0,0.00088,0.193073,0.2176,0.504128,0.04475553494275881,1.0,1.0,10,0.00012204796485018612,1.2204945443893866e-05,0.6959322033898305,0.7684745762711864,1.826444209039548,0.05725339907730612,professional-n1,professional,,,,-1,40.0,40.0,0,moongen,1,,nan,nan,nan,nan
quiche-gso-txtime-cubic-etf-delta-200000-gso_paced-spurious_fixed,quiche-gso-txtime-cubic-etf-delta-200000-gso_paced-spurious_fixed-rep15,81932,23.03356024,38.997313426176625,1392,0.00088,0.186096,0.217616,0.499152,0.04906567721619411,1.0,2.0,6,7.323146023531709e-05,0.0,0.6677401129943503,0.7685875706214689,1.8101165254237288,0.054277379746371944,professional-n1,professional,,,,-1,40.0,40.0,0,moongen,1,,nan,nan,nan,nan
quiche-gso-txtime-cubic-etf-delta-200000-gso_paced-spurious_fixed,quiche-gso-txtime-cubic-etf-delta-200000-gso_paced-spurious_fixed-rep16,81955,23.017625082,39.06304620032824,1392.0,0.00088,0.179026,0.217696,0.498386,0.04836859701783928,1,2.0,10,0.00024403636141785126,0.0002440393391414696,0.647909604519774,0.7688700564971751,1.8042937853107344,0.05848402762525319,professional-n1,professional,,,,-1,40.0,40.0,0,moongen,1,,nan,nan,nan,nan
quiche-gso-txtime-cubic-etf-delta-200000-gso_paced-spurious_fixed,quiche-gso-txtime-cubic-etf-delta-200000-gso_paced-spurious_fixed-rep17,82216,23.01564191,39.072535257392694,1392,0.00088,0.188656,0.217776,0.497313,0.04809341361065499,1.0,2.0,8,9.730466089325679e-05,0.0,0.6809039548022598,0.7691525423728813,1.7997210451977401,0.05672930730401995,professional-n1,professional,,,,-1,40.0,40.0,0,moongen,1,,nan,nan,nan,nan
quiche-gso-txtime-cubic-etf-delta-200000-gso_paced-spurious_fixed,quiche-gso-txtime-cubic-etf-delta-200000-gso_paced-spurious_fixed-rep18,82139,23.257778355,38.7016373731368,1392.0,0.00088,0.139184,0.218288,0.493488,0.05343446395091188,1.0,2.0,10,0.0003895835108779021,1.2174632934817015e-05,0.5032768361581921,0.7709639830508475,1.784632768361582,0.09922325841875868,professional-n1,professional,,,,-1,40.0,40.0,0,moongen,1,,nan,nan,nan,nan
quiche-gso-txtime-cubic-etf-delta-200000-gso_paced-spurious_fixed,quiche-gso-txtime-cubic-etf-delta-200000-gso_paced-spurious_fixed-rep19,82776,23.088754855,39.00684076105411,1392,0.00088,0.13936,0.218048,0.490112,0.0586529749320447,1,2.0,10,0.00024161592732192905,0.0,0.5111299435028248,0.7701694915254237,1.806271186440678,0.09748112352763516,professional-n1,professional,,,,-1,40.0,40.0,0,moongen,1,,nan,nan,nan,nan
quiche-gso-txtime-cubic-etf-delta-200000-gso_paced-spurious_fixed,quiche-gso-txtime-cubic-etf-delta-200000-gso_paced-spurious_fixed-rep2,81909,23.040322985,39.045765139042814,1392.0,0.00088,0.15576,0.217776,0.483841,0.04674757044488939,1.0,1.0,10,0.00032963410614218216,0.0,0.5587005649717515,0.7691525423728813,1.792316384180791,0.0792718659959955,professional-n1,professional,,,,-1,40.0,40.0,0,moongen,1,,nan,nan,nan,nan
quiche-gso-txtime-cubic-etf-delta-200000-gso_paced-spurious_fixed,quiche-gso-txtime-cubic-etf-delta-200000-gso_paced-spurious_fixed-rep3,81330,23.006433277,39.06116403094985,1392,0.00088,0.196064,0.217712,0.515777,0.04077266411735051,1.0,1.0,10,0.0002459117176933481,0.00018443605601937808,0.6983121468926554,0.7688170903954802,1.8556532485875705,0.05691696688758008,professional-n1,professional,,,,-1,40.0,40.0,0,moongen,1,,nan,nan,nan,nan
quiche-gso-txtime-cubic-etf-delta-200000-gso_paced-spurious_fixed,quiche-gso-txtime-cubic-etf-delta-200000-gso_paced-spurious_fixed-rep4,81598,23.012497282,39.045869945754454,1392,0.00088,0.198977,0.217472,0.512721,0.04177849675845926,1,1.0,10,0.0001960832373342484,1.2255352525215388e-05,0.7067231638418079,0.7680225988700565,1.8427754237288136,0.05669326078164638,professional-n1,professional,,,,-1,40.0,40.0,0,moongen,1,,nan,nan,nan,nan
quiche-gso-txtime-cubic-etf-delta-200000-gso_paced-spurious_fixed,quiche-gso-txtime-cubic-etf-delta-200000-gso_paced-spurious_fixed-rep5,82434,23.083370201,38.99680679907838,1392,0.00088,0.143728,0.217856,0.49008,0.05696747661737411,1.0,2.0,3,0.0,0.0,0.5154237288135594,0.7694385593220339,1.8358792372881356,0.08912692732279548,professional-n1,professional,,,,-1,40.0,40.0,0,moongen,1,,nan,nan,nan,nan
quiche-gso-txtime-cubic-etf-delta-200000-gso_paced-spurious_fixed,quiche-gso-txtime-cubic-etf-delta-200000-gso_paced-spurious_fixed-rep6,81859,22.997225209,39.08308066871703,1392.0,0.00088,0.196369,0.217632,0.512321,0.04579882235090034,1.0,1.0,10,0.00012216127731831563,0.00028097437025092234,0.7022033898305085,0.7685875706214689,1.8436193502824858,0.05907791541449828,professional-n1,professional,,,,-1,40.0,40.0,0,moongen,1,,nan,nan,nan,nan
quiche-gso-txtime-cubic-etf-delta-200000-gso_paced-spurious_fixed,quiche-gso-txtime-cubic-etf-delta-200000-gso_paced-spurious_fixed-rep7,81445,23.018802839,39.02563440345387,1392.0,0.00088,0.20072,0.217425,0.513072,0.03727714748784441,1,1.0,7,8.594757198109153e-05,0.00017189725455527726,0.7107344632768362,0.767856638418079,1.8494350282485876,0.04961691468984824,professional-n1,professional,,,,-1,40.0,40.0,0,moongen,1,,nan,nan,nan,nan
quiche-gso-txtime-cubic-etf-delta-200000-gso_paced-spurious_fixed,quiche-gso-txtime-cubic-etf-delta-200000-gso_paced-spurious_fixed-rep8,82694,23.072543494,39.00979188679648,1392,0.00088,0.14832,0.217968,0.484352,0.05184235666864184,1,2.0,3,0.0,0.0,0.5405084745762712,0.7699435028248588,1.8389830508474576,0.08744391907416589,professional-n1,professional,,,,-1,40.0,40.0,0,moongen,1,,nan,nan,nan,nan
quiche-gso-txtime-cubic-etf-delta-200000-gso_paced-spurious_fixed,quiche-gso-txtime-cubic-etf-delta-200000-gso_paced-spurious_fixed-rep9,81190,23.005870978,39.05001957366015,1392,0.00088,0.200576,0.217232,0.516561,0.03344049070686916,1,1.0,4,0.0,0.00023402185025064973,0.7096610169491525,0.7671186440677966,1.8558227401129943,0.04862727709418763,professional-n1,professional,,,,-1,40.0,40.0,0,moongen,1,,nan,nan,nan,nan
quiche-gso-txtime-cubic-etf-delta-200000-gso_paced-spurious_fixed,quiche-gso-txtime-cubic-etf-delta-200000-gso_paced-spurious_fixed,82830,23.076063443,39.01402309036805,1392,0.00088,0.142624,0.217856,0.489777,0.05710560311002185,1.0,2.0,10,0.00012072920439454304,0.0,0.5271186440677966,0.7694915254237288,1.8365572033898305,0.09304712117736541,professional-n1,professional,,,,-1,40.0,40.0,0,moongen,1,,nan,nan,nan,nan
quiche-gso-txtime-cubic-fq-gso_disabled-spurious_fixed,quiche-gso-txtime-cubic-fq-gso_disabled-spurious_fixed-rep1,81573,23.018620305,39.06925176591291,1392.0,0.00088,0.095552,0.217936,0.540225,0.10172608247928211,1,2.0,32,0.004658404128817133,0.0,0.3407909604519774,0.7696645480225989,1.9600035310734463,0.1546609130584024,professional-n1,professional,,,,-1,40.0,40.0,0,moongen,1,,nan,nan,nan,nan
quiche-gso-txtime-cubic-fq-gso_disabled-spurious_fixed,quiche-gso-txtime-cubic-fq-gso_disabled-spurious_fixed-rep10,83384,23.094196843,39.05305069196946,1392,0.00088,0.171312,0.219057,0.45848,0.05575477015698643,1,2.0,26,0.005312769835939749,0.002326613338450284,0.6207344632768361,0.7740677966101694,1.664632768361582,0.06632047299809314,professional-n1,professional,,,,-1,40.0,40.0,0,moongen,1,,nan,nan,nan,nan
quiche-gso-txtime-cubic-fq-gso_disabled-spurious_fixed,quiche-gso-txtime-cubic-fq-gso_disabled-spurious_fixed-rep11,82401,23.065874064,39.03090277446336,1392.0,0.00088,0.076288,0.217537,0.555249,0.1253640776699029,1,2.0,35,0.004939260445868375,0.0,0.2710734463276836,0.7684180790960452,2.0850882768361583,0.17241504854368933,professional-n1,professional,,,,-1,40.0,40.0,0,moongen,1,,nan,nan,nan,nan
quiche-gso-txtime-cubic-fq-gso_disabled-spurious_fixed,quiche-gso-txtime-cubic-fq-gso_disabled-spurious_fixed-rep12,81552,23.047438792,39.02513004231086,1392,0.00088,0.12,0.218449,0.525906,0.09082659930595578,1,2.0,32,0.004304002354326074,0.000637637797206656,0.4335593220338983,0.7715254237288136,1.9180296610169492,0.11579257151966255,professional-n1,professional,,,,-1,40.0,40.0,0,moongen,1,,nan,nan,nan,nan
quiche-gso-txtime-cubic-fq-gso_disabled-spurious_fixed,quiche-gso-txtime-cubic-fq-gso_disabled-spurious_fixed-rep13,81824,23.039594817,39.05363159147609,1392,0.00088,0.068848,0.217344,0.579169,0.1349987167422363,1.0,2.0,34,0.004888541259288229,0.0,0.24457627118644068,0.7676271186440679,2.1159322033898307,0.19005658555662833,professional-n1,professional,,,,-1,40.0,40.0,0,moongen,1,,nan,nan,nan,nan
quiche-gso-txtime-cubic-fq-gso_disabled-spurious_fixed,quiche-gso-txtime-cubic-fq-gso_disabled-spurious_fixed-rep14,82156,23.048716677,39.05159617403717,1392,0.00088,0.129728,0.218768,0.511904,0.08418233826303938,1.0,2.0,34,0.004430595452553678,0.0,0.470225988700565,0.7727683615819209,1.9062146892655367,0.1093542693688759,professional-n1,professional,,,,-1,40.0,40.0,0,moongen,1,,nan,nan,nan,nan
quiche-gso-txtime-cubic-fq-gso_disabled-spurious_fixed,quiche-gso-txtime-cubic-fq-gso_disabled-spurious_fixed-rep15,83937,23.144966402,38.97684465517505,1392.0,0.00088,0.151104,0.218545,0.476225,0.06613372093023256,1.0,2.0,29,0.005682833553736731,0.0016679374761723218,0.5574576271186441,0.7722069209039548,1.7965007062146892,0.08358749523446435,professional-n1,professional,,,,-1,40.0,40.0,0,moongen,1,,nan,nan,nan,nan
quiche-gso-txtime-cubic-fq-gso_disabled-spurious_fixed,quiche-gso-txtime-cubic-fq-gso_disabled-spurious_fixed-rep16,82492,23.063659538,39.04067585269607,1392,0.00088,0.112834,0.218416,0.513233,0.09142815579881441,1.0,2.0,35,0.004800465499684818,0.0,0.41468926553672314,0.7715819209039548,1.9105120056497176,0.11910390224388115,professional-n1,professional,,,,-1,40.0,40.0,0,moongen,1,,nan,nan,nan,nan
quiche-gso-txtime-cubic-fq-gso_disabled-spurious_fixed,quiche-gso-txtime-cubic-fq-gso_disabled-spurious_fixed-rep17,82004,23.32593166,38.560797875543464,1392,0.00088,0.132464,0.21904,0.508608,0.08231406168067022,1.0,2.0,34,0.005365591922345252,0.0,0.47638418079096045,0.773954802259887,1.8632238700564971,0.10769118202992574,professional-n1,professional,,,,-1,40.0,40.0,0,moongen,1,,nan,nan,nan,nan
quiche-gso-txtime-cubic-fq-gso_disabled-spurious_fixed,quiche-gso-txtime-cubic-fq-gso_disabled-spurious_fixed-rep18,82340,23.059213447,39.04495953729657,1392,0.00088,0.10104,0.218225,0.519232,0.09934538918374039,1.0,2.0,33,0.005112946320136021,0.0,0.36480579096045196,0.7708474576271186,1.934180790960452,0.1308857285126125,professional-n1,professional,,,,-1,40.0,40.0,0,moongen,1,,nan,nan,nan,nan
quiche-gso-txtime-cubic-fq-gso_disabled-spurious_fixed,quiche-gso-txtime-cubic-fq-gso_disabled-spurious_fixed-rep19,83098,23.12416606,38.990440635159494,1392,0.00088,0.181889,0.219506,0.450721,0.04462254955052529,1.0,1.0,31,0.005355122866976341,2.4068257578492604e-05,0.6483050847457628,0.7756497175141243,1.653728813559322,0.05333525879393961,professional-n1,professional,,,,-1,40.0,40.0,0,moongen,1,,nan,nan,nan,nan
quiche-gso-txtime-cubic-fq-gso_disabled-spurious_fixed,quiche-gso-txtime-cubic-fq-gso_disabled-spurious_fixed-rep2,82188,23.040026386,39.05882610216209,1392,0.00088,0.066832,0.217392,0.54949,0.12562814070351758,1,2.0,33,0.005171071202608653,0.0,0.2372316384180791,0.7678531073446327,2.0257697740112994,0.1847494129241851,professional-n1,professional,,,,-1,40.0,40.0,0,moongen,1,,nan,nan,nan,nan
quiche-gso-txtime-cubic-fq-gso_disabled-spurious_fixed,quiche-gso-txtime-cubic-fq-gso_disabled-spurious_fixed-rep3,81888,23.021298229,39.063026552828035,1392,0.00088,0.062208,0.217201,0.559057,0.1265768681231453,1,2.0,33,0.004835873388042204,0.0005983855801287139,0.22074152542372882,0.7671221751412429,2.030741525423729,0.19364490090002076,professional-n1,professional,,,,-1,40.0,40.0,0,moongen,1,,nan,nan,nan,nan
quiche-gso-txtime-cubic-fq-gso_disabled-spurious_fixed,quiche-gso-txtime-cubic-fq-gso_disabled-spurious_fixed-rep4,81661,23.048230508,39.03072280050975,1392.0,0.00088,0.082016,0.217937,0.546594,0.10863335782512858,1.0,2.0,37,0.005339145981557904,0.0,0.2940677966101695,0.7697175141242938,1.9781956214689265,0.1638868479059515,professional-n1,professional,,,,-1,40.0,40.0,0,moongen,1,,nan,nan,nan,nan
quiche-gso-txtime-cubic-fq-gso_disabled-spurious_fixed,quiche-gso-txtime-cubic-fq-gso_disabled-spurious_fixed-rep5,81952,23.024027467,39.06187000901739,1392,0.00088,0.035328,0.216592,0.594529,0.15215189564495857,1,2.0,34,0.0046246583365872704,0.0,0.12915254237288135,0.7649717514124293,2.2305120056497176,0.21354223865480593,professional-n1,professional,,,,-1,40.0,40.0,0,moongen,1,,nan,nan,nan,nan
quiche-gso-txtime-cubic-fq-gso_disabled-spurious_fixed,quiche-gso-txtime-cubic-fq-gso_disabled-spurious_fixed-rep6,81757,23.028554605,39.04466882193191,1392.0,0.00088,0.072416,0.217184,0.557505,0.11500073389109056,1,2.0,32,0.004158665313061878,0.0002813249180488282,0.2585875706214689,0.7670091807909605,2.0272351694915254,0.18698321835706247,professional-n1,professional,,,,-1,40.0,40.0,0,moongen,1,,nan,nan,nan,nan
quiche-gso-txtime-cubic-fq-gso_disabled-spurious_fixed,quiche-gso-txtime-cubic-fq-gso_disabled-spurious_fixed-rep7,81336,23.041701482,39.02909829391392,1392,0.00088,0.036656,0.216656,0.604513,0.15291080100817606,1,2.0,38,0.005975213927412216,0.0001967172803835987,0.13152542372881357,0.7650847457627119,2.1844703389830507,0.21397922173725947,professional-n1,professional,,,,-1,40.0,40.0,0,moongen,1,,nan,nan,nan,nan
quiche-gso-txtime-cubic-fq-gso_disabled-spurious_fixed,quiche-gso-txtime-cubic-fq-gso_disabled-spurious_fixed-rep8,82273,23.052273271,38.995069572199505,1392.0,0.00088,0.064096,0.21752,0.552528,0.1262640995721509,1,2.0,35,0.0056883789335504965,0.0006198949824970829,0.2276271186440678,0.7683086158192091,2.0744668079096047,0.1851055036950603,professional-n1,professional,,,,-1,40.0,40.0,0,moongen,1,,nan,nan,nan,nan
quiche-gso-txtime-cubic-fq-gso_disabled-spurious_fixed,quiche-gso-txtime-cubic-fq-gso_disabled-spurious_fixed-rep9,82016,23.040438273,39.052648102376665,1392,0.00088,0.05904,0.217024,0.570129,0.13635310613912088,1,2.0,37,0.006035407725321888,0.0,0.20977401129943501,0.766444209039548,2.1049752824858756,0.19784185819667133,professional-n1,professional,,,,-1,40.0,40.0,0,moongen,1,,nan,nan,nan,nan
quiche-gso-txtime-cubic-fq-gso_disabled-spurious_fixed,quiche-gso-txtime-cubic-fq-gso_disabled-spurious_fixed,81309,23.025218199,39.05442355543256,1392.0,0.00088,0.108273,0.218065,0.537441,0.09716141093127367,1,2.0,33,0.00472272442165074,0.00019678260441776947,0.3903954802259887,0.7701129943502825,1.9304025423728814,0.14579131204801496,professional-n1,professional,,,,-1,40.0,40.0,0,moongen,1,,nan,nan,nan,nan
quiche-gso-txtime-cubic-fq-gso_paced-spurious_fixed,quiche-gso-txtime-cubic-fq-gso_paced-spurious_fixed-rep1,82086,23.023020906,39.070485305669735,1392,0.00088,0.053344,0.217024,0.572785,0.14531278552719742,1.0,2.0,33,0.004714567648563701,0.0004994822440153499,0.19006002824858756,0.7665536723163842,2.1378001412429377,0.20635926174087835,professional-n1,professional,,,,-1,40.0,40.0,0,moongen,1,,nan,nan,nan,nan
quiche-gso-txtime-cubic-fq-gso_paced-spurious_fixed,quiche-gso-txtime-cubic-fq-gso_paced-spurious_fixed-rep10,81443,23.018349929,39.07664045313593,1392.0,0.00088,0.133873,0.218656,0.517297,0.08312664227302866,1,2.0,33,0.004469383495205236,0.0,0.4766666666666667,0.7722033898305085,1.8697245762711865,0.10705778345325508,professional-n1,professional,,,,-1,40.0,40.0,0,moongen,1,,nan,nan,nan,nan
quiche-gso-txtime-cubic-fq-gso_paced-spurious_fixed,quiche-gso-txtime-cubic-fq-gso_paced-spurious_fixed-rep11,84095,23.131533383,39.0084140579778,1392.0,0.00088,0.154576,0.218832,0.462049,0.06770994363450425,1,2.0,27,0.0050062429395326714,0.0028539491521392727,0.5780790960451977,0.7732203389830509,1.718534604519774,0.08105215592075535,professional-n1,professional,,,,-1,40.0,40.0,0,moongen,1,,nan,nan,nan,nan
quiche-gso-txtime-cubic-fq-gso_paced-spurious_fixed,quiche-gso-txtime-cubic-fq-gso_paced-spurious_fixed-rep12,82710,23.050283931,39.06873280588398,1392,0.000878,0.0984,0.218608,0.51696,0.10105308974839497,1.0,2.0,35,0.004727360657719744,0.0,0.3580225988700565,0.7722669491525423,1.9628283898305086,0.12945386838191733,professional-n1,professional,,,,-1,40.0,40.0,0,moongen,1,,nan,nan,nan,nan
quiche-gso-txtime-cubic-fq-gso_paced-spurious_fixed,quiche-gso-txtime-cubic-fq-gso_paced-spurious_fixed-rep13,84461,23.124556925,39.03442746719784,1392.0,0.00088,0.14208,0.218752,0.469826,0.07609519299076486,1.0,2.0,17,0.005422621091391293,2.3679848448969927e-05,0.5401694915254237,0.7729943502824859,1.7796045197740114,0.0910963769831873,professional-n1,professional,,,,-1,40.0,40.0,0,moongen,1,,nan,nan,nan,nan
quiche-gso-txtime-cubic-fq-gso_paced-spurious_fixed,quiche-gso-txtime-cubic-fq-gso_paced-spurious_fixed-rep14,81726,23.043019755,39.038440341778895,1392,0.00088,0.097584,0.217889,0.523712,0.10119302539002753,1.0,2.0,32,0.004307074859897707,0.0007341694707861732,0.3486475988700565,0.7695550847457627,1.9138925541941565,0.1324686448455185,professional-n1,professional,,,,-1,40.0,40.0,0,moongen,1,,nan,nan,nan,nan
quiche-gso-txtime-cubic-fq-gso_paced-spurious_fixed,quiche-gso-txtime-cubic-fq-gso_paced-spurious_fixed-rep15,82131,23.056786073,39.03538633486977,1392.0,0.00088,0.060128,0.216993,0.58552,0.14327286009984172,1.0,2.0,36,0.005332943711874931,0.0,0.21457627118644068,0.7664477401129943,2.1711334745762714,0.19856325337878972,professional-n1,professional,,,,-1,40.0,40.0,0,moongen,1,,nan,nan,nan,nan
quiche-gso-txtime-cubic-fq-gso_paced-spurious_fixed,quiche-gso-txtime-cubic-fq-gso_paced-spurious_fixed-rep16,83146,23.117232278,39.00077263392889,1392,0.00088,0.170353,0.219105,0.464321,0.052823380840699985,1.0,1.0,25,0.005303923219397205,0.0,0.6137853107344633,0.7741242937853108,1.6875706214689266,0.06583679114799447,professional-n1,professional,,,,-1,40.0,40.0,0,moongen,1,,nan,nan,nan,nan
quiche-gso-txtime-cubic-fq-gso_paced-spurious_fixed,quiche-gso-txtime-cubic-fq-gso_paced-spurious_fixed-rep17,82217,23.058526087,38.99231080979196,1392.0,0.00088,0.077952,0.217584,0.535152,0.11423567188868347,1,2.0,34,0.006567984723354051,0.0006324802958061691,0.2771186440677966,0.7684745762711864,1.9949717514124294,0.1558455775031624,professional-n1,professional,,,,-1,40.0,40.0,0,moongen,1,,nan,nan,nan,nan
quiche-gso-txtime-cubic-fq-gso_paced-spurious_fixed,quiche-gso-txtime-cubic-fq-gso_paced-spurious_fixed-rep18,81366,23.04543274,39.03369878746742,1392,0.00088,0.095792,0.218032,0.543569,0.10349658944263504,1,2.0,35,0.0042523904333505395,0.000565353653290727,0.3390960451977401,0.7699435028248588,1.958933615819209,0.13756529220180666,professional-n1,professional,,,,-1,40.0,40.0,0,moongen,1,,nan,nan,nan,nan
quiche-gso-txtime-cubic-fq-gso_paced-spurious_fixed,quiche-gso-txtime-cubic-fq-gso_paced-spurious_fixed-rep19,81791,23.051513125,39.034372933382,1392.0,0.00088,0.109968,0.218368,0.524272,0.09387455679178383,1,2.0,33,0.0045970828086219755,0.00029343440518400784,0.3956567796610169,0.7712429378531074,1.9430508474576271,0.11944002934344052,professional-n1,professional,,,,-1,40.0,40.0,0,moongen,1,,nan,nan,nan,nan
quiche-gso-txtime-cubic-fq-gso_paced-spurious_fixed,quiche-gso-txtime-cubic-fq-gso_paced-spurious_fixed-rep2,82296,23.069622312,38.9935368613329,1392,0.00088,0.165808,0.218977,0.477681,0.048265386718512666,1.0,1.0,34,0.005978419364246136,0.0009721125220244244,0.5982485875706215,0.7735063559322034,1.738026129943503,0.06493711647123154,professional-n1,professional,,,,-1,40.0,40.0,0,moongen,1,,nan,nan,nan,nan
quiche-gso-txtime-cubic-fq-gso_paced-spurious_fixed,quiche-gso-txtime-cubic-fq-gso_paced-spurious_fixed-rep3,81256,23.01544682,39.05429249450478,1392,0.00088,0.029104,0.216769,0.617585,0.16595901790659037,1,2.0,31,0.004578123461652063,8.614854470494123e-05,0.10378531073446327,0.7655367231638418,2.2235063559322032,0.22109408651775275,professional-n1,professional,,,,-1,40.0,40.0,0,moongen,1,,nan,nan,nan,nan
quiche-gso-txtime-cubic-fq-gso_paced-spurious_fixed,quiche-gso-txtime-cubic-fq-gso_paced-spurious_fixed-rep4,81893,23.032359064,39.053777057771555,1392.0,0.00088,0.088336,0.218208,0.53512,0.10722659112001172,1.0,2.0,33,0.004310502729170992,0.0,0.3172351694915254,0.7707344632768361,1.9848622881355933,0.1560958335368534,professional-n1,professional,,,,-1,40.0,40.0,0,moongen,1,,nan,nan,nan,nan
quiche-gso-txtime-cubic-fq-gso_paced-spurious_fixed,quiche-gso-txtime-cubic-fq-gso_paced-spurious_fixed-rep5,82851,23.098199528,39.02293037634202,1392.0,0.00088,0.160578,0.218914,0.473696,0.0516113458056729,1,1.0,33,0.005853882270582129,0.001327700663850332,0.5776194939081537,0.7733333333333333,1.7387641242937852,0.07186481593240797,professional-n1,professional,,,,-1,40.0,40.0,0,moongen,1,,nan,nan,nan,nan
quiche-gso-txtime-cubic-fq-gso_paced-spurious_fixed,quiche-gso-txtime-cubic-fq-gso_paced-spurious_fixed-rep6,82136,23.047051913,39.038107407243025,1392,0.00088,0.082336,0.217472,0.548384,0.1083947160163146,1,2.0,33,0.004711697672153501,0.0,0.2958757062146893,0.768135593220339,2.02017302259887,0.17551591891398308,professional-n1,professional,,,,-1,40.0,40.0,0,moongen,1,,nan,nan,nan,nan
quiche-gso-txtime-cubic-fq-gso_paced-spurious_fixed,quiche-gso-txtime-cubic-fq-gso_paced-spurious_fixed-rep7,82837,23.115919092,38.960802571405715,1392.0,0.00088,0.146688,0.218689,0.493824,0.06537012892945096,1.0,2.0,39,0.007629440950299987,0.0014003573325607223,0.5370056497175141,0.7726553672316384,1.823502824858757,0.09009367907672992,professional-n1,professional,,,,-1,40.0,40.0,0,moongen,1,,nan,nan,nan,nan
quiche-gso-txtime-cubic-fq-gso_paced-spurious_fixed,quiche-gso-txtime-cubic-fq-gso_paced-spurious_fixed-rep8,81252,23.015160445,39.05909837770849,1392,0.00088,0.04808,0.216912,0.615009,0.1647487415539501,1.0,2.0,34,0.004750652291635898,0.0,0.17016949152542374,0.7659887005649717,2.2165572033898306,0.22270495132367601,professional-n1,professional,,,,-1,40.0,40.0,0,moongen,1,,nan,nan,nan,nan
quiche-gso-txtime-cubic-fq-gso_paced-spurious_fixed,quiche-gso-txtime-cubic-fq-gso_paced-spurious_fixed-rep9,83620,23.101335335,39.041657935398305,1392,0.00088,0.152048,0.218656,0.478385,0.06270106076370204,1,2.0,35,0.006063142788806506,0.0,0.5577436440677966,0.772542372881356,1.769385593220339,0.08139298484794126,professional-n1,professional,,,,-1,40.0,40.0,0,moongen,1,,nan,nan,nan,nan
quiche-gso-txtime-cubic-fq-gso_paced-spurious_fixed,quiche-gso-txtime-cubic-fq-gso_paced-spurious_fixed,81347,23.040453565,39.03968875709935,1392.0,0.00088,0.09368,0.218112,0.540785,0.10320114080594006,1.0,2.0,34,0.005273704008752628,0.0,0.3327683615819209,0.7702330508474576,1.9398340395480227,0.15177144543062965,professional-n1,professional,,,,-1,40.0,40.0,0,moongen,1,,nan,nan,nan,nan
quiche-gso-txtime-cubic-fq-gso_unpaced,quiche-gso-txtime-cubic-fq-gso_unpaced-rep1,82798,24.620392935,36.83629787690064,1392,0.00088,0.011328,0.011328,0.662817,0.5586796623066053,2,4.0,48,0.2021425638300442,0.0,0.04,0.04,2.408933615819209,0.5597545804799691,professional-n1,professional,,,,-1,40.0,40.0,0,moongen,1,,nan,nan,nan,nan
quiche-gso-txtime-cubic-fq-gso_unpaced,quiche-gso-txtime-cubic-fq-gso_unpaced-rep10,83945,25.175457618,36.45710858275609,1392.0,0.00088,0.011328,0.011328,0.615665,0.5648765843895931,2,10.0,48,0.2804693549347787,0.00041694462975316876,0.04,0.04,2.2467831920903953,0.5680691889831316,professional-n1,professional,,,,-1,40.0,40.0,0,moongen,1,,nan,nan,nan,nan
quiche-gso-txtime-cubic-fq-gso_unpaced,quiche-gso-txtime-cubic-fq-gso_unpaced-rep11,82435,23.829503758,37.882857535249215,1392.0,0.000879,0.011328,0.317698,0.605089,0.4573113035883252,2,3.0,48,0.08443015709346759,0.0,0.04,1.1851412429378532,2.169212570621469,0.4575781837591285,professional-n1,professional,,,,-1,40.0,40.0,0,moongen,1,,nan,nan,nan,nan
quiche-gso-txtime-cubic-fq-gso_unpaced,quiche-gso-txtime-cubic-fq-gso_unpaced-rep12,83078,24.159777948,37.64349167270749,1392,0.00088,0.011328,0.011328,0.710706,0.6150799860370499,2,6.0,48,0.20208719516598858,6.0185129458213464e-05,0.04,0.04,2.5575741525423727,0.6158503556941151,professional-n1,professional,,,,-1,40.0,40.0,0,moongen,1,,nan,nan,nan,nan
quiche-gso-txtime-cubic-fq-gso_unpaced,quiche-gso-txtime-cubic-fq-gso_unpaced-rep13,83431,23.765448526,38.27216873289488,1392.0,0.00088,0.011328,0.011328,0.716978,0.6401773942227017,2,8.0,48,0.2203257781879637,0.00011986096128490951,0.04,0.04,2.616387711864407,0.6408366295097687,professional-n1,professional,,,,-1,40.0,40.0,0,moongen,1,,nan,nan,nan,nan
quiche-gso-txtime-cubic-fq-gso_unpaced,quiche-gso-txtime-cubic-fq-gso_unpaced-rep14,82824,23.920728795,37.87471660099978,1392,0.00088,0.011328,0.011328,0.717457,0.6111345882182485,2.0,5.0,48,0.1710253066743939,0.0,0.04,0.04,2.582489406779661,0.6116899894956714,professional-n1,professional,,,,-1,40.0,40.0,0,moongen,1,,nan,nan,nan,nan
quiche-gso-txtime-cubic-fq-gso_unpaced,quiche-gso-txtime-cubic-fq-gso_unpaced-rep15,83195,24.385444567,37.262169467668905,1392.0,0.00088,0.011328,0.011328,0.696033,0.5958001778974445,2.0,5.0,48,0.20420698359276399,0.000156261268841503,0.04,0.04,2.529438559322034,0.5966175445344616,professional-n1,professional,,,,-1,40.0,40.0,0,moongen,1,,nan,nan,nan,nan
quiche-gso-txtime-cubic-fq-gso_unpaced,quiche-gso-txtime-cubic-fq-gso_unpaced-rep16,83380,24.52937471,37.10027616924933,1392,0.00088,0.011328,0.011328,0.721409,0.6377385192914283,2.0,10.0,48,0.25058767090429357,0.00014392113122009139,0.04,0.04,2.6099505649717516,0.6383981578095204,professional-n1,professional,,,,-1,40.0,40.0,0,moongen,1,,nan,nan,nan,nan
quiche-gso-txtime-cubic-fq-gso_unpaced,quiche-gso-txtime-cubic-fq-gso_unpaced-rep17,83593,23.84399271,38.321169240115914,1392.0,0.00088,0.011328,0.011328,0.699441,0.6444755478993205,2.0,10.0,48,0.2872728577751726,0.00015551727438032348,0.04,0.04,2.544145077720207,0.6461982007847641,professional-n1,professional,,,,-1,40.0,40.0,0,moongen,1,,nan,nan,nan,nan
quiche-gso-txtime-cubic-fq-gso_unpaced,quiche-gso-txtime-cubic-fq-gso_unpaced-rep18,83725,24.233212531,37.61709062856896,1392.0,0.00088,0.011328,0.011328,0.706129,0.6353255936171229,2,10.0,48,0.27001492982979997,0.0,0.04,0.04,2.5744103107344634,0.6363050021499211,professional-n1,professional,,,,-1,40.0,40.0,0,moongen,1,,nan,nan,nan,nan
quiche-gso-txtime-cubic-fq-gso_unpaced,quiche-gso-txtime-cubic-fq-gso_unpaced-rep19,83597,23.496332652,38.60962872104982,1392.0,0.00088,0.011328,0.011328,0.698945,0.6008062586726638,2.0,4.0,48,0.16535282366592102,0.0,0.04,0.04,2.5643538135593222,0.6011890521077563,professional-n1,professional,,,,-1,40.0,40.0,0,moongen,1,,nan,nan,nan,nan
quiche-gso-txtime-cubic-fq-gso_unpaced,quiche-gso-txtime-cubic-fq-gso_unpaced-rep2,83045,24.457236312,37.158308338955706,1392.0,0.00088,0.011328,0.011328,0.840914,0.6889119021241752,3,10.0,48,0.26265277861400443,0.0,0.04,0.04,3.087694209039548,0.6891286546890805,professional-n1,professional,,,,-1,40.0,40.0,0,moongen,1,,nan,nan,nan,nan
quiche-gso-txtime-cubic-fq-gso_unpaced,quiche-gso-txtime-cubic-fq-gso_unpaced-rep3,82645,24.230763571,37.286340290212884,1392.0,0.00088,0.011328,0.011328,0.750097,0.6124945549586177,2.0,4.0,48,0.12297174662714018,0.0,0.04,0.04,2.7268396892655367,0.6126881564299889,professional-n1,professional,,,,-1,40.0,40.0,0,moongen,1,,nan,nan,nan,nan
quiche-gso-txtime-cubic-fq-gso_unpaced,quiche-gso-txtime-cubic-fq-gso_unpaced-rep4,83190,23.796045586,38.234777989133065,1392,0.00088,0.011328,0.011328,0.603666,0.5465025424034428,2,5.0,48,0.2302560403894699,2.4041640120689032e-05,0.04,0.04,2.202771892655367,0.5478969575304428,professional-n1,professional,,,,-1,40.0,40.0,0,moongen,1,,nan,nan,nan,nan
quiche-gso-txtime-cubic-fq-gso_unpaced,quiche-gso-txtime-cubic-fq-gso_unpaced-rep5,83522,24.465235848,37.19249982519114,1392,0.00088,0.011328,0.011328,0.739137,0.6438021575412172,2,10.0,48,0.24674935945020474,0.00014367644065564348,0.04,0.04,2.6730614406779662,0.6443768633038397,professional-n1,professional,,,,-1,40.0,40.0,0,moongen,1,,nan,nan,nan,nan
quiche-gso-txtime-cubic-fq-gso_unpaced,quiche-gso-txtime-cubic-fq-gso_unpaced-rep6,83361,24.859637708,36.75411664209278,1392.0,0.00088,0.011328,0.011328,0.745874,0.6697696737044145,2,10.0,48,0.2977411499382205,0.0,0.04,0.04,2.737122175141243,0.6714251439539347,professional-n1,professional,,,,-1,40.0,40.0,0,moongen,1,,nan,nan,nan,nan
quiche-gso-txtime-cubic-fq-gso_unpaced,quiche-gso-txtime-cubic-fq-gso_unpaced-rep7,83272,23.955956353,38.0811430175175,1392,0.00088,0.011328,0.011328,0.730849,0.6492416327412904,2,10.0,48,0.23896387741377653,0.0001080808444716648,0.04,0.04,2.635483757062147,0.6498300728945251,professional-n1,professional,,,,-1,40.0,40.0,0,moongen,1,,nan,nan,nan,nan
quiche-gso-txtime-cubic-fq-gso_unpaced,quiche-gso-txtime-cubic-fq-gso_unpaced-rep8,82621,23.536559403,38.44562769376832,1392.0,0.00088,0.011328,0.199489,0.617696,0.4961994674412975,2,3.0,48,0.12185763909901841,0.00019365770999757928,0.04,0.7312429378531073,2.20864406779661,0.4967804405712902,professional-n1,professional,,,,-1,40.0,40.0,0,moongen,1,,nan,nan,nan,nan
quiche-gso-txtime-cubic-fq-gso_unpaced,quiche-gso-txtime-cubic-fq-gso_unpaced-rep9,82871,24.493950076,37.05339045698804,1392.0,0.00088,0.011328,0.011328,0.628065,0.5193676843248461,2,4.0,48,0.16773056919791002,0.00025340895378303367,0.04,0.04,2.275430790960452,0.5203813201399783,professional-n1,professional,,,,-1,40.0,40.0,0,moongen,1,,nan,nan,nan,nan
quiche-gso-txtime-cubic-fq-gso_unpaced,quiche-gso-txtime-cubic-fq-gso_unpaced,82930,24.412888086,37.177091575677984,1392,0.00088,0.011328,0.011328,0.626609,0.5131498028433962,2,3.0,48,0.16108766429518873,1.20585078802349e-05,0.04,0.04,2.2612464689265535,0.5138130207768091,professional-n1,professional,,,,-1,40.0,40.0,0,moongen,1,,nan,nan,nan,nan
quiche-gso-txtime-cubic-fq-gso_unpaced-spurious_fixed,quiche-gso-txtime-cubic-fq-gso_unpaced-spurious_fixed-rep1,83619,23.842808759,37.7346441475939,1392.0,0.00088,0.011328,0.011328,0.733921,0.5650816809777799,2.0,4.0,48,0.013513675121682871,7.175488531177497e-05,0.04,0.04,2.721867937853107,0.5650936401253319,professional-n1,professional,,,,-1,40.0,40.0,0,moongen,1,,nan,nan,nan,nan
quiche-gso-txtime-cubic-fq-gso_unpaced-spurious_fixed,quiche-gso-txtime-cubic-fq-gso_unpaced-spurious_fixed-rep10,83740,23.573864129,38.16699557936101,1392,0.00088,0.011328,0.011328,0.732577,0.572827475847574,2.0,4.0,48,0.013529973728206354,2.3883733982970897e-05,0.04,0.04,2.7670091807909603,0.5728633014485485,professional-n1,professional,,,,-1,40.0,40.0,0,moongen,1,,nan,nan,nan,nan
quiche-gso-txtime-cubic-fq-gso_unpaced-spurious_fixed,quiche-gso-txtime-cubic-fq-gso_unpaced-spurious_fixed-rep11,84371,23.18902206,38.83006560907123,1392.0,0.00176,0.011328,0.352704,0.578609,0.42773497688751927,2,3.0,48,0.014151782010406419,0.00022519853028327605,0.04,1.3137323446327684,2.2116949152542373,0.4277705345501956,professional-n1,professional,,,,-1,40.0,40.0,0,moongen,1,,nan,nan,nan,nan
quiche-gso-txtime-cubic-fq-gso_unpaced-spurious_fixed,quiche-gso-txtime-cubic-fq-gso_unpaced-spurious_fixed-rep12,83475,23.575508963,38.15909643401068,1392.0,0.00088,0.011328,0.012096,0.693153,0.5326209358602678,2,3.0,48,0.012518718179095537,0.0,0.04,0.04271186440677966,2.560907485875706,0.5326329156384024,professional-n1,professional,,,,-1,40.0,40.0,0,moongen,1,,nan,nan,nan,nan
quiche-gso-txtime-cubic-fq-gso_unpaced-spurious_fixed,quiche-gso-txtime-cubic-fq-gso_unpaced-spurious_fixed-rep13,82934,23.833970734,37.72677318585819,1392,0.00088,0.011328,0.011328,0.728674,0.5715818793483897,2,4.0,48,0.010695251645887091,0.0,0.04,0.04,2.8320448772226925,0.5716059952009453,professional-n1,professional,,,,-1,40.0,40.0,0,moongen,1,,nan,nan,nan,nan
quiche-gso-txtime-cubic-fq-gso_unpaced-spurious_fixed,quiche-gso-txtime-cubic-fq-gso_unpaced-spurious_fixed-rep14,84397,23.874569461,37.71637136623295,1392.0,0.00088,0.011328,0.358592,0.599328,0.4230887719797147,2.0,3.0,48,0.010924558929819781,0.00020143134745722547,0.04,1.3177436440677965,2.257683615819209,0.4231243186880895,professional-n1,professional,,,,-1,40.0,40.0,0,moongen,1,,nan,nan,nan,nan
quiche-gso-txtime-cubic-fq-gso_unpaced-spurious_fixed,quiche-gso-txtime-cubic-fq-gso_unpaced-spurious_fixed-rep15,83982,23.168115046,38.845169329188934,1392,0.00088,0.011328,0.011856,0.689329,0.5381098105523868,2,3.0,48,0.013086137505655973,0.0,0.04,0.041864406779661016,2.5782178217821783,0.5381336254629023,professional-n1,professional,,,,-1,40.0,40.0,0,moongen,1,,nan,nan,nan,nan
quiche-gso-txtime-cubic-fq-gso_unpaced-spurious_fixed,quiche-gso-txtime-cubic-fq-gso_unpaced-spurious_fixed-rep16,83690,23.572427521,38.16758979101667,1392,0.00088,0.011328,0.011328,0.719745,0.5706484723201376,2,4.0,48,0.011339467080893775,0.0,0.04,0.04,2.8761052259887006,0.5706604213217986,professional-n1,professional,,,,-1,40.0,40.0,0,moongen,1,,nan,nan,nan,nan
quiche-gso-txtime-cubic-fq-gso_unpaced-spurious_fixed,quiche-gso-txtime-cubic-fq-gso_unpaced-spurious_fixed-rep17,84470,23.171998322,38.85237912973814,1392,0.00088,0.011328,0.011328,0.706928,0.5645147924090494,2.0,4.0,48,0.012951343672309696,2.3677325409321763e-05,0.04,0.04,2.679495056497175,0.5645384697344588,professional-n1,professional,,,,-1,40.0,40.0,0,moongen,1,,nan,nan,nan,nan
quiche-gso-txtime-cubic-fq-gso_unpaced-spurious_fixed,quiche-gso-txtime-cubic-fq-gso_unpaced-spurious_fixed-rep18,83317,24.257598852,37.08226842599615,1392.0,0.00088,0.011328,0.012448,0.703408,0.5252172451869989,2.0,3.0,48,0.011858324231549384,0.0001560324547505881,0.04,0.04395480225988701,2.59260593220339,0.525265255173076,professional-n1,professional,,,,-1,40.0,40.0,0,moongen,1,,nan,nan,nan,nan
quiche-gso-txtime-cubic-fq-gso_unpaced-spurious_fixed,quiche-gso-txtime-cubic-fq-gso_unpaced-spurious_fixed-rep19,83436,23.830842205,37.747076509585746,1392,0.00088,0.011328,0.011328,0.716768,0.5530892311380117,2,4.0,48,0.01023538999952059,8.389764487325464e-05,0.04,0.04,2.65926906779661,0.5531132018936897,professional-n1,professional,,,,-1,40.0,40.0,0,moongen,1,,nan,nan,nan,nan
quiche-gso-txtime-cubic-fq-gso_unpaced-spurious_fixed,quiche-gso-txtime-cubic-fq-gso_unpaced-spurious_fixed-rep2,83343,23.134642713,38.87542691526502,1392.0,0.00088,0.011328,0.011328,0.752033,0.6039931847087903,2,4.0,48,0.017134012454555272,1.1998752129778503e-05,0.04,0.04,3.029742582897033,0.6039931847087903,professional-n1,professional,,,,-1,40.0,40.0,0,moongen,1,,nan,nan,nan,nan
quiche-gso-txtime-cubic-fq-gso_unpaced-spurious_fixed,quiche-gso-txtime-cubic-fq-gso_unpaced-spurious_fixed-rep3,83244,23.839809077,37.72744006023651,1392,0.00088,0.011328,0.011632,0.727793,0.5436733419026224,2,4.0,48,0.010547306712796117,4.805208846389486e-05,0.04,0.041073446327683616,2.662997881355932,0.5436733419026224,professional-n1,professional,,,,-1,40.0,40.0,0,moongen,1,,nan,nan,nan,nan
quiche-gso-txtime-cubic-fq-gso_unpaced-spurious_fixed,quiche-gso-txtime-cubic-fq-gso_unpaced-spurious_fixed-rep4,83921,23.573447841,38.17200360631794,1392.0,0.00088,0.011328,0.011328,0.736993,0.5716039084842708,2.0,4.0,48,0.012595178799108686,0.0,0.04,0.04,2.7641313559322036,0.5716277407054338,professional-n1,professional,,,,-1,40.0,40.0,0,moongen,1,,nan,nan,nan,nan
quiche-gso-txtime-cubic-fq-gso_unpaced-spurious_fixed,quiche-gso-txtime-cubic-fq-gso_unpaced-spurious_fixed-rep5,83785,23.832293156,37.754930677892844,1392.0,0.00088,0.011328,0.011328,0.740914,0.5678530507018047,2.0,4.0,48,0.011099838873306678,0.0,0.04,0.04,2.752831920903955,0.5679127279671536,professional-n1,professional,,,,-1,40.0,40.0,0,moongen,1,,nan,nan,nan,nan
quiche-gso-txtime-cubic-fq-gso_unpaced-spurious_fixed,quiche-gso-txtime-cubic-fq-gso_unpaced-spurious_fixed-rep6,83190,23.82337988,37.74713733020488,1392,0.00088,0.011328,0.011328,0.758545,0.5959201336715191,2.0,4.0,48,0.012200985695396082,0.0,0.04,0.04,3.104805790960452,0.5959561961317001,professional-n1,professional,,,,-1,40.0,40.0,0,moongen,1,,nan,nan,nan,nan
quiche-gso-txtime-cubic-fq-gso_unpaced-spurious_fixed,quiche-gso-txtime-cubic-fq-gso_unpaced-spurious_fixed-rep7,84467,23.548423715,38.2301444417508,1392.0,0.00088,0.011328,0.011328,0.734945,0.5755451897805034,2,4.0,48,0.015556371127185765,8.287358226978903e-05,0.04,0.04,2.829495056497175,0.5755570288636848,professional-n1,professional,,,,-1,40.0,40.0,0,moongen,1,,nan,nan,nan,nan
quiche-gso-txtime-cubic-fq-gso_unpaced-spurious_fixed,quiche-gso-txtime-cubic-fq-gso_unpaced-spurious_fixed-rep8,83228,23.542314092,38.1975812779416,1392,0.00088,0.011328,0.011328,0.842305,0.6280173501387771,3.0,5.0,48,0.027154323064353343,0.0,0.04,0.04,3.335939265536723,0.6280413808019032,professional-n1,professional,,,,-1,40.0,40.0,0,moongen,1,,nan,nan,nan,nan
quiche-gso-txtime-cubic-fq-gso_unpaced-spurious_fixed,quiche-gso-txtime-cubic-fq-gso_unpaced-spurious_fixed-rep9,83566,23.829546748,37.75318571997205,1392,0.00088,0.011328,0.011328,0.731921,0.5600311135044576,2,4.0,48,0.009860469568963455,0.0,0.04,0.04,2.702037429378531,0.5601148806318434,professional-n1,professional,,,,-1,40.0,40.0,0,moongen,1,,nan,nan,nan,nan
quiche-gso-txtime-cubic-fq-gso_unpaced-spurious_fixed,quiche-gso-txtime-cubic-fq-gso_unpaced-spurious_fixed,83827,23.564055287,38.181548508603285,1392.0,0.00088,0.011328,0.011328,0.774674,0.6091666070193019,2,4.0,48,0.01713051880658976,2.3858945911769618e-05,0.04,0.04,3.309837570621469,0.6092381838570372,professional-n1,professional,,,,-1,40.0,40.0,0,moongen,1,,nan,nan,nan,nan
quiche-gso-txtime-cubic-gso_unpaced,quiche-gso-txtime-cubic-gso_unpaced-rep1,82919,23.362766392,38.863353113478325,1392.0,0.011326,0.011328,0.011328,0.748434,0.6024988542897802,2,4.0,45,0.1403900191753398,0.0,0.04,0.04,2.684922316384181,0.6025591548276611,professional-n1,professional,,,,-1,40.0,40.0,0,moongen,1,,nan,nan,nan,nan
quiche-gso-txtime-cubic-gso_unpaced,quiche-gso-txtime-cubic-gso_unpaced-rep10,83766,23.18630627,38.94767667968012,1392,0.011326,0.011328,0.011329,0.70832,0.5481525696890109,2.0,3.0,56,0.05687271685409355,0.0,0.04,0.04000353107344633,2.6034533898305083,0.5481406315286814,professional-n1,professional,,,,-1,40.0,40.0,0,moongen,1,,nan,nan,nan,nan
quiche-gso-txtime-cubic-gso_unpaced,quiche-gso-txtime-cubic-gso_unpaced-rep11,83647,23.167633349,38.90033489497107,1392.0,0.011326,0.011328,0.0124,0.705217,0.5290868660784735,2,3.0,56,0.026958528100230732,0.0,0.04,0.043785310734463276,2.606108757062147,0.5290868660784735,professional-n1,professional,,,,-1,40.0,40.0,0,moongen,1,,nan,nan,nan,nan
quiche-gso-txtime-cubic-gso_unpaced,quiche-gso-txtime-cubic-gso_unpaced-rep12,82440,23.285522585,38.81842774627169,1392,0.011326,0.011328,0.011328,0.719265,0.5603415858998775,2.0,4.0,51,0.0836487142163998,0.0,0.04,0.04,2.579385593220339,0.5603658462620847,professional-n1,professional,,,,-1,40.0,40.0,0,moongen,1,,nan,nan,nan,nan
quiche-gso-txtime-cubic-gso_unpaced,quiche-gso-txtime-cubic-gso_unpaced-rep13,83641,23.556902052,38.31752197328362,1392.0,0.011326,0.011328,0.011392,0.710753,0.5431013868962219,2.0,4.0,28,0.06297150918807762,0.0,0.04,0.04022598870056497,2.6226024011299436,0.5431252989000478,professional-n1,professional,,,,-1,40.0,40.0,0,moongen,1,,nan,nan,nan,nan
quiche-gso-txtime-cubic-gso_unpaced,quiche-gso-txtime-cubic-gso_unpaced-rep14,83045,23.179979116,38.912751193006734,1392.0,0.011326,0.011328,0.012544,0.692929,0.5230239391166129,2,3.0,48,0.03777470046360407,0.0,0.04,0.04429378531073446,2.5603425141242937,0.5230600645440971,professional-n1,professional,,,,-1,40.0,40.0,0,moongen,1,,nan,nan,nan,nan
quiche-gso-txtime-cubic-gso_unpaced,quiche-gso-txtime-cubic-gso_unpaced-rep15,83195,23.198446395,38.872067579247904,1392.0,0.011326,0.011328,0.011472,0.703745,0.5406038897035844,2.0,4.0,54,0.03513432297614039,0.0,0.04,0.040508474576271186,2.5861052259887005,0.5406279298987908,professional-n1,professional,,,,-1,40.0,40.0,0,moongen,1,,nan,nan,nan,nan
quiche-gso-txtime-cubic-gso_unpaced,quiche-gso-txtime-cubic-gso_unpaced-rep16,84230,23.443107363,38.92610010566541,1392,0.011326,0.011328,0.011328,0.707521,0.5991998005437558,2.0,6.0,48,0.20156713759943012,0.0,0.04,0.04,2.6046398305084746,0.5992947797077016,professional-n1,professional,,,,-1,40.0,40.0,0,moongen,1,,nan,nan,nan,nan
quiche-gso-txtime-cubic-gso_unpaced,quiche-gso-txtime-cubic-gso_unpaced-rep17,83755,23.419870375,38.89832631065534,1392.0,0.011326,0.011328,0.011328,0.717281,0.6104663657855147,2.0,4.0,48,0.17661035162079874,0.0,0.04,0.04,2.6239583333333334,0.6105260644267736,professional-n1,professional,,,,-1,40.0,40.0,0,moongen,1,,nan,nan,nan,nan
quiche-gso-txtime-cubic-gso_unpaced,quiche-gso-txtime-cubic-gso_unpaced-rep18,83280,23.340549889,38.74216350087638,1392,0.011326,0.011328,0.312624,0.619762,0.47886021686139363,2,3.0,48,0.07808597502401537,0.0,0.04,1.1175141242937854,2.29305790960452,0.4788722246904982,professional-n1,professional,,,,-1,40.0,40.0,0,moongen,1,,nan,nan,nan,nan
quiche-gso-txtime-cubic-gso_unpaced,quiche-gso-txtime-cubic-gso_unpaced-rep19,82423,23.257460112,38.832972975153226,1392.0,0.011326,0.011328,0.011328,0.725665,0.5609060687680474,2.0,4.0,34,0.07580408381155745,0.0,0.04,0.04,2.6023799435028248,0.560966732183155,professional-n1,professional,,,,-1,40.0,40.0,0,moongen,1,,nan,nan,nan,nan
quiche-gso-txtime-cubic-gso_unpaced,quiche-gso-txtime-cubic-gso_unpaced-rep2,82836,23.197473309,38.918829648991576,1392,0.011326,0.011328,0.011328,0.762321,0.6131345445765679,2,4.0,48,0.0646699502631706,0.0,0.04,0.04,2.8120939265536724,0.6131466167682743,professional-n1,professional,,,,-1,40.0,40.0,0,moongen,1,,nan,nan,nan,nan
quiche-gso-txtime-cubic-gso_unpaced,quiche-gso-txtime-cubic-gso_unpaced-rep3,83240,23.360554374,38.677060892253635,1392,0.011326,0.011328,0.011328,0.754753,0.60648253823328,2,4.0,27,0.08139115809706872,0.0,0.04,0.04,2.8982521186440677,0.6066387150254088,professional-n1,professional,,,,-1,40.0,40.0,0,moongen,1,,nan,nan,nan,nan
quiche-gso-txtime-cubic-gso_unpaced,quiche-gso-txtime-cubic-gso_unpaced-rep4,82805,23.530372084,38.6056259865814,1392.0,0.011326,0.011328,0.011328,0.763665,0.6396188589923192,2.0,5.0,48,0.1608115451965461,0.0,0.04,0.04,2.7871257062146895,0.6397033959712091,professional-n1,professional,,,,-1,40.0,40.0,0,moongen,1,,nan,nan,nan,nan
quiche-gso-txtime-cubic-gso_unpaced,quiche-gso-txtime-cubic-gso_unpaced-rep5,84024,23.522544272,38.790765040078654,1392,0.011326,0.011328,0.011328,0.739745,0.6298989562381729,2.0,8.0,48,0.23116014472055604,0.0,0.04,0.04,2.6811899717514125,0.6299822667602918,professional-n1,professional,,,,-1,40.0,40.0,0,moongen,1,,nan,nan,nan,nan
quiche-gso-txtime-cubic-gso_unpaced,quiche-gso-txtime-cubic-gso_unpaced-rep6,84057,23.39448077,38.70994671364104,1392.0,0.011326,0.011328,0.011824,0.639826,0.5015822784810127,2.0,3.0,28,0.09871872657839323,0.0,0.04,0.041751412429378534,2.453393361581921,0.5017607309412773,professional-n1,professional,,,,-1,40.0,40.0,0,moongen,1,,nan,nan,nan,nan
quiche-gso-txtime-cubic-gso_unpaced,quiche-gso-txtime-cubic-gso_unpaced-rep7,83388,23.634957751,38.464871296904896,1392,0.011326,0.011328,0.011328,0.739633,0.5937256406873973,2,4.0,43,0.15611358948529763,0.0,0.04,0.04,2.665653248587571,0.5937736097952918,professional-n1,professional,,,,-1,40.0,40.0,0,moongen,1,,nan,nan,nan,nan
quiche-gso-txtime-cubic-gso_unpaced,quiche-gso-txtime-cubic-gso_unpaced-rep8,82950,23.386267874,38.73864906025492,1392,0.011326,0.011328,0.011328,0.767202,0.6347996961988692,2.0,5.0,33,0.12970464135021098,0.0,0.04,0.04,2.9985911016949154,0.6348358630001567,professional-n1,professional,,,,-1,40.0,40.0,0,moongen,1,,nan,nan,nan,nan
quiche-gso-txtime-cubic-gso_unpaced,quiche-gso-txtime-cubic-gso_unpaced-rep9,83668,23.265170328,38.93546564367109,1392,0.011326,0.011328,0.011328,0.738466,0.5931131748479089,2.0,4.0,35,0.12716928813883444,0.0,0.04,0.04,2.694184322033898,0.5931490312787598,professional-n1,professional,,,,-1,40.0,40.0,0,moongen,1,,nan,nan,nan,nan
quiche-gso-txtime-cubic-gso_unpaced,quiche-gso-txtime-cubic-gso_unpaced,82437,23.375682623,38.680722979629415,1392.0,0.011326,0.011328,0.011328,0.75557,0.6250181959338154,2,5.0,48,0.11785969892160074,0.0,0.04,0.04,2.732436440677966,0.6250181959338154,professional-n1,professional,,,,-1,40.0,40.0,0,moongen,1,,nan,nan,nan,nan
quiche-gso-txtime-cubic-gso_unpaced-spurious_fixed,quiche-gso-txtime-cubic-gso_unpaced-spurious_fixed-rep1,83804,23.565453678,38.20548283526239,1392,0.011326,0.011328,0.34085,0.611841,0.4363686264214885,2,3.0,48,0.02165767743783113,0.0,0.04,1.226723163841808,2.3228283898305087,0.4363924919155639,professional-n1,professional,,,,-1,40.0,40.0,0,moongen,1,,nan,nan,nan,nan
quiche-gso-txtime-cubic-gso_unpaced-spurious_fixed,quiche-gso-txtime-cubic-gso_unpaced-spurious_fixed-rep10,83994,23.876407635,37.70253271603603,1392,0.011326,0.011328,0.012416,0.706289,0.5304846832474135,2,4.0,32,0.014512941400576232,0.0,0.04,0.04384180790960452,2.683716160787531,0.5304965890014645,professional-n1,professional,,,,-1,40.0,40.0,0,moongen,1,,nan,nan,nan,nan
quiche-gso-txtime-cubic-gso_unpaced-spurious_fixed,quiche-gso-txtime-cubic-gso_unpaced-spurious_fixed-rep11,84022,23.486031239,38.327399245949714,1392,0.011326,0.011328,0.011329,0.717105,0.554432820366337,2.0,4.0,31,0.015436433315084144,0.0,0.04,0.04000353107344633,2.8838418079096044,0.5544447221527952,professional-n1,professional,,,,-1,40.0,40.0,0,moongen,1,,nan,nan,nan,nan
quiche-gso-txtime-cubic-gso_unpaced-spurious_fixed,quiche-gso-txtime-cubic-gso_unpaced-spurious_fixed-rep12,84066,23.19487941,38.8094737673827,1392,0.011326,0.011328,0.012224,0.702353,0.5330874918218046,2.0,3.0,48,0.015737634715580616,0.0,0.04,0.0431638418079096,2.6310734463276835,0.5330874918218046,professional-n1,professional,,,,-1,40.0,40.0,0,moongen,1,,nan,nan,nan,nan
quiche-gso-txtime-cubic-gso_unpaced-spurious_fixed,quiche-gso-txtime-cubic-gso_unpaced-spurious_fixed-rep13,83593,23.257542359,38.70222545898879,1392.0,0.011326,0.011328,0.012368,0.711441,0.5282084409991387,2,3.0,24,0.0179201607790126,0.0,0.04,0.043672316384180794,2.624074858757062,0.5282443296009187,professional-n1,professional,,,,-1,40.0,40.0,0,moongen,1,,nan,nan,nan,nan
quiche-gso-txtime-cubic-gso_unpaced-spurious_fixed,quiche-gso-txtime-cubic-gso_unpaced-spurious_fixed-rep14,83587,23.952482003,37.578583459002886,1392.0,0.011326,0.011328,0.337376,0.600304,0.41438757686693944,2.0,3.0,48,0.01713185064663165,0.0,0.04,1.2080296610169492,2.2335593220338983,0.41441150431890506,professional-n1,professional,,,,-1,40.0,40.0,0,moongen,1,,nan,nan,nan,nan
quiche-gso-txtime-cubic-gso_unpaced-spurious_fixed,quiche-gso-txtime-cubic-gso_unpaced-spurious_fixed-rep15,84807,23.320975646,38.63445910997029,1392.0,0.011326,0.011328,0.012896,0.684832,0.5109544136028111,2,3.0,37,0.015045927812562643,0.0,0.04,0.04553672316384181,2.6119244350282487,0.511013371695399,professional-n1,professional,,,,-1,40.0,40.0,0,moongen,1,,nan,nan,nan,nan
quiche-gso-txtime-cubic-gso_unpaced-spurious_fixed,quiche-gso-txtime-cubic-gso_unpaced-spurious_fixed-rep16,82359,23.449276585,38.32787952933773,1392.0,0.011326,0.011328,0.011329,0.723664,0.5512275674494281,2,4.0,38,0.020192085867968286,0.0,0.04,0.04000353107344633,2.6224293785310735,0.5512397095606985,professional-n1,professional,,,,-1,40.0,40.0,0,moongen,1,,nan,nan,nan,nan
quiche-gso-txtime-cubic-gso_unpaced-spurious_fixed,quiche-gso-txtime-cubic-gso_unpaced-spurious_fixed-rep17,83659,23.324969253,38.58692469162588,1392.0,0.011326,0.011328,0.012448,0.710641,0.5263453584833488,2.0,3.0,36,0.01643576901469059,0.0,0.04,0.04395480225988701,2.6206285310734465,0.5263453584833488,professional-n1,professional,,,,-1,40.0,40.0,0,moongen,1,,nan,nan,nan,nan
quiche-gso-txtime-cubic-gso_unpaced-spurious_fixed,quiche-gso-txtime-cubic-gso_unpaced-spurious_fixed-rep18,83987,23.513148663,38.279077162316675,1392.0,0.011326,0.011328,0.011329,0.715601,0.5525563784440264,2.0,4.0,29,0.014740376486837249,0.0,0.04,0.04000353107344633,2.933659531090724,0.5525801919367513,professional-n1,professional,,,,-1,40.0,40.0,0,moongen,1,,nan,nan,nan,nan
quiche-gso-txtime-cubic-gso_unpaced-spurious_fixed,quiche-gso-txtime-cubic-gso_unpaced-spurious_fixed-rep19,84145,23.436430206,38.40948267665538,1392.0,0.011326,0.011328,0.012416,0.701505,0.5262644989541738,2,3.0,54,0.015425753164180878,0.0,0.04,0.04384180790960452,2.6326024011299434,0.5262763833428409,professional-n1,professional,,,,-1,40.0,40.0,0,moongen,1,,nan,nan,nan,nan
quiche-gso-txtime-cubic-gso_unpaced-spurious_fixed,quiche-gso-txtime-cubic-gso_unpaced-spurious_fixed-rep2,83545,23.898969272,37.645692488256365,1392.0,0.011326,0.011328,0.011328,0.744593,0.5714952599827636,2.0,4.0,37,0.018337422945717878,0.0,0.04,0.04,3.203622881355932,0.5715191994637556,professional-n1,professional,,,,-1,40.0,40.0,0,moongen,1,,nan,nan,nan,nan
quiche-gso-txtime-cubic-gso_unpaced-spurious_fixed,quiche-gso-txtime-cubic-gso_unpaced-spurious_fixed-rep3,83571,23.337641142,38.562880049619025,1392.0,0.011326,0.011328,0.011329,0.738177,0.5498384587770732,2,4.0,30,0.020090701319835827,0.0,0.04,0.04000353107344633,2.7144138418079096,0.5498504247935863,professional-n1,professional,,,,-1,40.0,40.0,0,moongen,1,,nan,nan,nan,nan
quiche-gso-txtime-cubic-gso_unpaced-spurious_fixed,quiche-gso-txtime-cubic-gso_unpaced-spurious_fixed-rep4,82583,23.478246522,38.305413275104726,1392.0,0.011326,0.011328,0.344849,0.616914,0.43576081954905427,2,3.0,48,0.018248307763098943,0.0,0.04,1.2319209039548022,2.256670197740113,0.4357971470780557,professional-n1,professional,,,,-1,40.0,40.0,0,moongen,1,,nan,nan,nan,nan
quiche-gso-txtime-cubic-gso_unpaced-spurious_fixed,quiche-gso-txtime-cubic-gso_unpaced-spurious_fixed-rep5,84313,23.497171154,38.314237322425214,1392.0,0.011326,0.011328,0.011329,0.734289,0.5499691621595977,2.0,4.0,35,0.015027338607332203,0.0,0.04,0.04000353107344633,2.739947033898305,0.5499810228674448,professional-n1,professional,,,,-1,40.0,40.0,0,moongen,1,,nan,nan,nan,nan
quiche-gso-txtime-cubic-gso_unpaced-spurious_fixed,quiche-gso-txtime-cubic-gso_unpaced-spurious_fixed-rep6,84006,23.468043772,38.35333804319444,1392,0.011326,0.011328,0.011328,0.750098,0.5892030236295459,2.0,4.0,24,0.018308216079803822,0.0,0.04,0.04,3.2687040960451976,0.589214927682876,professional-n1,professional,,,,-1,40.0,40.0,0,moongen,1,,nan,nan,nan,nan
quiche-gso-txtime-cubic-gso_unpaced-spurious_fixed,quiche-gso-txtime-cubic-gso_unpaced-spurious_fixed-rep7,84190,23.436391008,38.40846893588404,1392,0.011326,0.011328,0.012096,0.727329,0.5409614082599865,2,4.0,54,0.015310606960446609,0.0,0.04,0.04271186440677966,2.7032803672316383,0.5409732862963095,professional-n1,professional,,,,-1,40.0,40.0,0,moongen,1,,nan,nan,nan,nan
quiche-gso-txtime-cubic-gso_unpaced-spurious_fixed,quiche-gso-txtime-cubic-gso_unpaced-spurious_fixed-rep8,82725,23.756380003,37.91001322113343,1392.0,0.011326,0.011328,0.01144,0.743538,0.5507107973502249,2.0,4.0,48,0.02722272589906316,0.0,0.04,0.0403954802259887,2.6879696327683615,0.5507107973502249,professional-n1,professional,,,,-1,40.0,40.0,0,moongen,1,,nan,nan,nan,nan
quiche-gso-txtime-cubic-gso_unpaced-spurious_fixed,quiche-gso-txtime-cubic-gso_unpaced-spurious_fixed-rep9,84360,23.786110473,37.84925362311462,1392,0.011326,0.011328,0.011328,0.736592,0.5597742979409429,2.0,4.0,48,0.0172475106685633,0.0,0.04,0.04,2.8053142655367234,0.5597742979409429,professional-n1,professional,,,,-1,40.0,40.0,0,moongen,1,,nan,nan,nan,nan
quiche-gso-txtime-cubic-gso_unpaced-spurious_fixed,quiche-gso-txtime-cubic-gso_unpaced-spurious_fixed,84695,24.05787221,37.44058394431051,1392.0,0.011326,0.011328,0.339218,0.611905,0.43527286466573784,2.0,3.0,48,0.018879508825786647,0.0,0.04,1.2227718926553672,2.406444209039548,0.43528467187758285,professional-n1,professional,,,,-1,40.0,40.0,0,moongen,1,,nan,nan,nan,nan
quiche-gso-txtime-reno-gso_unpaced,quiche-gso-txtime-reno-gso_unpaced-rep1,83082,23.411497072,38.57786510714773,1392,0.011326,0.011328,0.306592,0.639969,0.493771139008919,2,3.0,48,0.07402325413446956,0.0,0.04,1.113393361581921,2.418026129943503,0.493771139008919,professional-n1,professional,,,,-1,40.0,40.0,0,moongen,1,,nan,nan,nan,nan
quiche-gso-txtime-reno-gso_unpaced,quiche-gso-txtime-reno-gso_unpaced-rep10,83139,23.283409214,38.76486435918035,1392.0,0.011326,0.011328,0.321505,0.627426,0.4671149173663066,2.0,3.0,48,0.05125151854123817,0.0,0.04,1.1388735875706215,2.326500706214689,0.46715100194856746,professional-n1,professional,,,,-1,40.0,40.0,0,moongen,1,,nan,nan,nan,nan
quiche-gso-txtime-reno-gso_unpaced,quiche-gso-txtime-reno-gso_unpaced-rep11,82769,23.427074457,38.60214990394522,1392.0,0.011326,0.011328,0.011328,0.764817,0.620324279914943,2.0,5.0,36,0.09083110826517174,0.0,0.04,0.04,3.010342514124294,0.6204088536632515,professional-n1,professional,,,,-1,40.0,40.0,0,moongen,1,,nan,nan,nan,nan
quiche-gso-txtime-reno-gso_unpaced,quiche-gso-txtime-reno-gso_unpaced-rep12,82313,23.259113538,38.863351800712124,1392.0,0.011326,0.011328,0.011328,0.745586,0.5926839342987656,2.0,4.0,37,0.07882108536926123,0.0,0.04,0.04,2.671080508474576,0.5927446787831665,professional-n1,professional,,,,-1,40.0,40.0,0,moongen,1,,nan,nan,nan,nan
quiche-gso-txtime-reno-gso_unpaced,quiche-gso-txtime-reno-gso_unpaced-rep13,82419,23.539775141,38.48732057011113,1392.0,0.011326,0.011328,0.011328,0.747921,0.592297799024485,2,4.0,41,0.11661146094953834,0.0,0.04,0.04,2.6654272598870055,0.5923584653837753,professional-n1,professional,,,,-1,40.0,40.0,0,moongen,1,,nan,nan,nan,nan
quiche-gso-txtime-reno-gso_unpaced,quiche-gso-txtime-reno-gso_unpaced-rep14,83877,23.351785714,38.67266593914412,1392.0,0.011326,0.011328,0.011328,0.736609,0.5714864800419667,2,4.0,48,0.05467529835354149,0.0,0.04,0.04,2.700625,0.5715103247651295,professional-n1,professional,,,,-1,40.0,40.0,0,moongen,1,,nan,nan,nan,nan
quiche-gso-txtime-reno-gso_unpaced,quiche-gso-txtime-reno-gso_unpaced-rep15,83658,23.306735426,38.8391434259035,1392,0.011326,0.011328,0.322592,0.607329,0.4698112530929868,2,3.0,53,0.08726003490401396,0.0,0.04,1.1515254237288135,2.235314265536723,0.4698590673822872,professional-n1,professional,,,,-1,40.0,40.0,0,moongen,1,,nan,nan,nan,nan
quiche-gso-txtime-reno-gso_unpaced,quiche-gso-txtime-reno-gso_unpaced-rep16,82449,23.219738004,38.81493545899356,1392.0,0.011326,0.011328,0.011328,0.756785,0.6028648360178537,2.0,4.0,33,0.042777959708425815,0.0,0.04,0.04,2.806670197740113,0.6029376091597128,professional-n1,professional,,,,-1,40.0,40.0,0,moongen,1,,nan,nan,nan,nan
quiche-gso-txtime-reno-gso_unpaced,quiche-gso-txtime-reno-gso_unpaced-rep17,83087,23.395712675,38.623790801021194,1392.0,0.011326,0.011328,0.011328,0.742465,0.5871506631682835,2,4.0,48,0.08008473046324936,0.0,0.04,0.04,2.693449858757062,0.5871747346123294,professional-n1,professional,,,,-1,40.0,40.0,0,moongen,1,,nan,nan,nan,nan
quiche-gso-txtime-reno-gso_unpaced,quiche-gso-txtime-reno-gso_unpaced-rep18,82821,23.211907965,38.87074829697223,1392.0,0.011326,0.011328,0.011328,0.75597,0.6051074619657087,2.0,4.0,36,0.06250830103476171,0.0,0.04,0.04,2.868986581920904,0.6051799082347259,professional-n1,professional,,,,-1,40.0,40.0,0,moongen,1,,nan,nan,nan,nan
quiche-gso-txtime-reno-gso_unpaced,quiche-gso-txtime-reno-gso_unpaced-rep19,83056,23.322232402,38.830000850276235,1392,0.011326,0.011328,0.011328,0.753441,0.6290771175726928,2.0,4.0,48,0.10685561548834521,0.0,0.04,0.04,2.929385593220339,0.6291373186442719,professional-n1,professional,,,,-1,40.0,40.0,0,moongen,1,,nan,nan,nan,nan
quiche-gso-txtime-reno-gso_unpaced,quiche-gso-txtime-reno-gso_unpaced-rep2,82931,23.255971766,38.858468572841495,1392.0,0.011326,0.011328,0.011328,0.743651,0.5940914023875558,2,4.0,45,0.09548902099335592,0.0,0.04,0.04,2.6935063559322034,0.5941396358374533,professional-n1,professional,,,,-1,40.0,40.0,0,moongen,1,,nan,nan,nan,nan
quiche-gso-txtime-reno-gso_unpaced,quiche-gso-txtime-reno-gso_unpaced-rep3,82922,23.505677196,38.806395595155436,1392,0.011326,0.011328,0.011328,0.763138,0.6609302830404843,2,10.0,49,0.23676467041315935,0.0,0.04,0.04,2.747521186440678,0.6609423427117377,professional-n1,professional,,,,-1,40.0,40.0,0,moongen,1,,nan,nan,nan,nan
quiche-gso-txtime-reno-gso_unpaced,quiche-gso-txtime-reno-gso_unpaced-rep4,82692,23.328315401,38.758706767195086,1392,0.011326,0.011328,0.011328,0.748129,0.5885404699423153,2,4.0,36,0.09455570067237459,0.0,0.04,0.04,2.672489406779661,0.5886009360148021,professional-n1,professional,,,,-1,40.0,40.0,0,moongen,1,,nan,nan,nan,nan
quiche-gso-txtime-reno-gso_unpaced,quiche-gso-txtime-reno-gso_unpaced-rep5,83352,23.342727608,38.84107458330069,1392,0.011326,0.011328,0.011328,0.752258,0.6266031601300525,2.0,4.0,56,0.10738794510029753,0.0,0.04,0.04,2.935257768361582,0.6266271550431308,professional-n1,professional,,,,-1,40.0,40.0,0,moongen,1,,nan,nan,nan,nan
quiche-gso-txtime-reno-gso_unpaced,quiche-gso-txtime-reno-gso_unpaced-rep6,82132,23.201999077,38.8649818064123,1392,0.011326,0.011328,0.011328,0.743137,0.5759213938707675,2,4.0,29,0.06130375493108654,0.0,0.04,0.04,2.649664548022599,0.5759457452119175,professional-n1,professional,,,,-1,40.0,40.0,0,moongen,1,,nan,nan,nan,nan
quiche-gso-txtime-reno-gso_unpaced,quiche-gso-txtime-reno-gso_unpaced-rep7,84074,23.290331278,38.71807151372714,1392,0.011326,0.011328,0.320928,0.622081,0.45830409287167106,2,3.0,28,0.03217403715774199,0.0,0.04,1.1476341807909605,2.3970091807909606,0.4583516705720029,professional-n1,professional,,,,-1,40.0,40.0,0,moongen,1,,nan,nan,nan,nan
quiche-gso-txtime-reno-gso_unpaced,quiche-gso-txtime-reno-gso_unpaced-rep8,84112,23.304725118,38.752643484408765,1392,0.011326,0.011328,0.319872,0.616337,0.4630666619110461,2,3.0,48,0.049386532242723984,0.0,0.04,1.142489406779661,2.374127824858757,0.46311421811653647,professional-n1,professional,,,,-1,40.0,40.0,0,moongen,1,,nan,nan,nan,nan
quiche-gso-txtime-reno-gso_unpaced,quiche-gso-txtime-reno-gso_unpaced-rep9,82812,23.284146882,38.87849619690438,1392,0.011326,0.011328,0.32464,0.605553,0.46129137433432754,2.0,3.0,53,0.09808964884316283,0.0,0.04,1.1515819209039548,2.1844668079096046,0.46131552571518275,professional-n1,professional,,,,-1,40.0,40.0,0,moongen,1,,nan,nan,nan,nan
quiche-gso-txtime-reno-gso_unpaced,quiche-gso-txtime-reno-gso_unpaced,82472,23.224969576,38.934213327642894,1392,0.011326,0.011328,0.011328,0.741442,0.5757539013713912,2,4.0,31,0.0837253855854108,0.0,0.04,0.04,2.6532803672316385,0.5757660268458004,professional-n1,professional,,,,-1,40.0,40.0,0,moongen,1,,nan,nan,nan,nan
tcp+tls-cubic,tcp+tls-cubic-rep1,72538,22.39079408,39.23474142369497,1514,0.012302,0.012304,0.012304,1.194865,0.6664047313784689,3,3.0,8,0.0004411480878987565,0.0,0.04,0.04,3.884479843953186,0.6664185174462688,professional-n1,professional,,,,-1,40.0,40.0,0,moongen,1,,nan,nan,nan,nan
tcp+tls-cubic,tcp+tls-cubic-rep10,72538,22.404326612,39.21104308171741,1514,0.012302,0.012304,0.012304,1.190754,0.6664185174462688,3.0,3.0,8,0.0004411480878987565,0.0,0.04,0.04,3.871111833550065,0.6664323035140687,professional-n1,professional,,,,-1,40.0,40.0,0,moongen,1,,nan,nan,nan,nan
tcp+tls-cubic,tcp+tls-cubic-rep11,72540,22.384368848,39.247085587516764,1514,0.012302,0.012304,0.012304,1.192385,0.6670342850053075,3.0,3.0,8,0.0005376344086021505,0.0,0.04,0.04,3.8764174252275683,0.6671307848192007,professional-n1,professional,,,,-1,40.0,40.0,0,moongen,1,,nan,nan,nan,nan
tcp+tls-cubic,tcp+tls-cubic-rep12,72538,22.37363757,39.26482161210767,1514,0.012302,0.012304,0.012304,1.192226,0.6664598756496685,3,3.0,8,0.0005238633543797733,0.0,0.04,0.04,3.875900520156047,0.6664736617174684,professional-n1,professional,,,,-1,40.0,40.0,0,moongen,1,,nan,nan,nan,nan
tcp+tls-cubic,tcp+tls-cubic-rep13,72538,22.384619586,39.24556379548383,1514,0.012302,0.012304,0.012304,1.191027,0.6663358010394695,3.0,3.0,8,0.00045493396564559265,0.0,0.04,0.04,3.8720481144343304,0.6664047313784689,professional-n1,professional,,,,-1,40.0,40.0,0,moongen,1,,nan,nan,nan,nan
tcp+tls-cubic,tcp+tls-cubic-rep14,72538,22.386180149,39.242833665807105,1514,0.012302,0.012304,0.012304,1.195777,0.6663633731750693,3.0,3.0,8,0.00035843282141773965,0.0,0.04,0.04,3.887444733420026,0.666390945310669,professional-n1,professional,,,,-1,40.0,40.0,0,moongen,1,,nan,nan,nan,nan
tcp+tls-cubic,tcp+tls-cubic-rep15,72539,22.377966331,39.257767529259766,1514.0,0.012302,0.012304,0.012304,1.18229,0.6663404008933249,3.0,3.0,8,0.00027571375398061733,0.0,0.04,0.04,3.8435988296488945,0.6664231161598059,professional-n1,professional,,,,-1,40.0,40.0,0,moongen,1,,nan,nan,nan,nan
tcp+tls-cubic,tcp+tls-cubic-rep16,72539,22.38613614,39.243446144788784,1514.0,0.012302,0.012304,0.012304,1.191089,0.6662852573823376,3.0,3.0,8,0.0004549276940680186,0.0,0.04,0.04,3.872207412223667,0.6663679726488185,professional-n1,professional,,,,-1,40.0,40.0,0,moongen,1,,nan,nan,nan,nan
tcp+tls-cubic,tcp+tls-cubic-rep17,72538,22.384644288,39.24552048704862,1514,0.012302,0.012304,0.012304,1.189985,0.6664047313784689,3,3.0,8,0.00035843282141773965,0.0,0.04,0.04,3.86861833550065,0.6664598756496685,professional-n1,professional,,,,-1,40.0,40.0,0,moongen,1,,nan,nan,nan,nan
tcp+tls-cubic,tcp+tls-cubic-rep18,72539,22.392583998,39.23214614617341,1514.0,0.012302,0.012304,0.012304,1.182626,0.6662990432600844,3,3.0,8,0.0004411420063689877,0.0,0.04,0.04,3.8446879063719117,0.6665058314262869,professional-n1,professional,,,,-1,40.0,40.0,0,moongen,1,,nan,nan,nan,nan
tcp+tls-cubic,tcp+tls-cubic-rep19,72538,22.389306148,39.23734885721212,1514,0.012302,0.012304,0.012304,1.191634,0.6663771592428691,3,3.0,8,0.0006341503763544625,0.0,0.04,0.04,3.8739759427828346,0.6664185174462688,professional-n1,professional,,,,-1,40.0,40.0,0,moongen,1,,nan,nan,nan,nan
tcp+tls-cubic,tcp+tls-cubic-rep2,72539,22.379557403,39.25498794190787,1514.0,0.012302,0.012304,0.012304,1.194306,0.6663541867710717,3,3.0,8,0.00035842788017480254,0.0,0.04,0.04,3.882708062418726,0.6663817585265653,professional-n1,professional,,,,-1,40.0,40.0,0,moongen,1,,nan,nan,nan,nan
tcp+tls-cubic,tcp+tls-cubic-rep3,72539,22.38383274,39.247490195461495,1514.0,0.012302,0.012304,0.012304,1.193089,0.6661198268493755,3.0,3.0,8,0.0004411420063689877,0.0,0.04,0.04,3.87870611183355,0.6662163279936033,professional-n1,professional,,,,-1,40.0,40.0,0,moongen,1,,nan,nan,nan,nan
tcp+tls-cubic,tcp+tls-cubic-rep4,72538,22.387109783,39.24120409089611,1514,0.012302,0.012304,0.012304,1.193729,0.666390945310669,3.0,3.0,8,0.0004411480878987565,0.0,0.04,0.04,3.8807834850455136,0.6664736617174684,professional-n1,professional,,,,-1,40.0,40.0,0,moongen,1,,nan,nan,nan,nan
tcp+tls-cubic,tcp+tls-cubic-rep5,72538,22.411522467,39.198458975446634,1514,0.012302,0.012304,0.012304,1.19389,0.66628065676827,3.0,3.0,8,0.0006479362541012986,0.0,0.04,0.04,3.8813101430429127,0.6663495871072694,professional-n1,professional,,,,-1,40.0,40.0,0,moongen,1,,nan,nan,nan,nan
tcp+tls-cubic,tcp+tls-cubic-rep6,72538,22.399260303,39.219911912999216,1514,0.012302,0.012304,0.012304,1.178433,0.6663358010394695,3.0,3.0,8,0.0005238633543797733,0.0,0.04,0.04,3.8310598179453836,0.6664598756496685,professional-n1,professional,,,,-1,40.0,40.0,0,moongen,1,,nan,nan,nan,nan
tcp+tls-cubic,tcp+tls-cubic-rep7,72540,22.382152601,39.25097177475008,1514,0.012302,0.012304,0.012304,1.191651,0.6662622864941617,3.0,3.0,8,0.00045492142266335815,0.0,0.04,0.04,3.8740734720416126,0.6663312149326569,professional-n1,professional,,,,-1,40.0,40.0,0,moongen,1,,nan,nan,nan,nan
tcp+tls-cubic,tcp+tls-cubic-rep8,72538,22.396154161,39.22534564125249,1514,0.012302,0.012304,0.012304,1.180482,0.6662392985648703,3,3.0,8,0.00045493396564559265,0.0,0.04,0.04,3.8377178153446034,0.6664047313784689,professional-n1,professional,,,,-1,40.0,40.0,0,moongen,1,,nan,nan,nan,nan
tcp+tls-cubic,tcp+tls-cubic-rep9,72538,22.389836056,39.236414496415286,1514,0.012302,0.012304,0.012304,1.189122,0.6663771592428691,3,3.0,8,0.0005376492321266095,0.0,0.04,0.04,3.8658094928478546,0.666390945310669,professional-n1,professional,,,,-1,40.0,40.0,0,moongen,1,,nan,nan,nan,nan
tcp+tls-cubic,tcp+tls-cubic,72539,22.375835858,39.26151682445007,1514.0,0.012302,0.012304,0.012304,1.180531,0.6666023325705147,3,3.0,8,0.0004411420063689877,0.0,0.04,0.04,3.837925877763329,0.666671261959249,professional-n1,professional,,,,-1,40.0,40.0,0,moongen,1,,nan,nan,nan,nan
